,calculated,calculated,calculated,calculated,calculated,calculated,calculated,calculated,calculated,calculated,calculated,calculated,measured,measured,measured,measured,measured,measured,measured,measured,measured,measured,metadata,metadata,metadata,metadata,metadata,metadata,metadata,metadata
,BO3,BO4,BT,CO2,CO3,DIC,HCO3,P_in,S_in,TA,T_in,pCO2,B/Ca,B/Ca.1,B/Ca.2,B/Ca.3,BOH4_HCO3,BT,depth_m,n,pHtot,temp_C,Core,comments,doi,lat,lon,sample_depth,shortref,species
1,347.8985998971555,66.85835495998741,414.75695485714294,16.963884017395166,117.66686991895074,2135.706264628232,2001.0755106918862,137.6,34.92060000000001,2303.94877506162,-0.772161,262.80709393435257,239.86194626088425,,,,0.03343532243434524,415.0562742857143,1376.0,1.0,8.130487715832253,-0.772161,PS2647,R,10.1016/j.epsl.2007.03.025,68.78,21.06,0-1,Yu2007,C. wuellerstorfi
2,349.12554374035295,65.62547254536139,414.7510162857143,17.38873529757367,115.3768078759613,2139.1627326779903,2006.3971895044551,137.5,34.9201,2303.440995398301,-0.795071,269.144685436839,248.83006504767172,248.07483601534238,249.5852940800011,,0.032731720870041205,415.05033142857144,1375.0,2.0,8.121243722013206,-0.795071,23247-2,R,10.1016/j.epsl.2007.03.025,69.49,17.12,0-1,Yu2007,C. wuellerstorfi
3,344.8443238323482,69.60263759622318,414.4469614285714,17.064367449311884,118.31888159406823,2203.363486723298,2067.9802376799184,263.0,34.8945,2374.8765108175558,-1.14911,260.407952713305,214.29504580786534,211.4778594097695,217.1122322059612,,0.033681592677134393,414.7460571428572,2630.0,2.0,8.086946273647124,-1.14911,23400,R,10.1016/j.epsl.2007.03.025,72.35,7.81,0-1,Yu2007,C. wuellerstorfi
4,344.8432407872388,69.80088121276117,414.644122,16.75956842365634,111.99438026179915,2142.2401719289014,2013.486223243446,324.7,34.9111,2307.9297822618514,-0.869125,258.63472852290613,223.6121661279662,,,,0.03469169736917098,414.94336,3247.0,1.0,8.05041523207011,-0.869125,23424,R,10.1016/j.epsl.2007.03.025,70.04,0.07,0-1,Yu2007,C. wuellerstorfi
5,349.87968144297224,64.78225627131354,414.6619377142858,17.86740251912652,110.9467240840824,2142.3382970539446,2013.5241704507357,185.1,34.912600000000005,2300.8410211196465,-0.784229,276.65942384610685,237.95687854247163,,,,0.032196786565136595,414.9611885714286,1851.0,1.0,8.087971646174411,-0.784229,23240,R,10.1016/j.epsl.2007.03.025,68.16,-9.59,0-1,Yu2007,C. wuellerstorfi
6,349.49433136513306,65.01082806343841,414.5051594285715,17.724650669743088,112.36396392390189,2144.4590953239476,2014.3704807303025,166.3,34.8994,2304.743351671914,-1.08234,271.2096785050724,241.8611801278831,,,,0.032296811995908996,414.80429714285714,1663.0,1.0,8.104532595952904,-1.08234,1914-5,R,10.1016/j.epsl.2007.03.025,73.97,-7.68,0-1,Yu2007,C. wuellerstorfi
7,345.30602447410456,69.3796675258954,414.685692,16.93330057993356,111.07924243882401,2145.442150059522,2017.4296070407643,329.9,34.9146,2309.615404463013,-0.864016,261.37404940319493,218.79376360351307,,,,0.034414949005158506,414.98496,3299.0,1.0,8.044259960198929,-0.864016,HM03-133-05,R,10.1016/j.epsl.2007.03.025,64.33,-6.08,core-top,Yu2007,C. wuellerstorfi
8,347.5061554504182,67.16053312101037,414.66668857142855,16.980558624274458,116.56511060517805,2138.220458851174,2004.6747896217214,165.2,34.913,2305.6385338870145,-0.839,262.36015482966235,261.22973312984715,,,,0.03352613675725855,414.9659428571428,1652.0,1.0,8.118426258121554,-0.839,HM03-133-11,R,10.1016/j.epsl.2007.03.025,63.0,-6.08,core-top,Yu2007,C. wuellerstorfi
11,349.64817716466365,65.5304162639078,415.17859342857145,17.950559011787554,114.24236536737472,2148.1473852277695,2015.9544608486071,236.0,34.9561,2310.844274545535,3.21866,323.95570372579743,217.89611478986546,,,,0.032529359741867825,415.47821714285715,2360.0,1.0,8.013677087027187,3.21866,NEAP 8K,R,10.1016/j.epsl.2007.03.025,59.44,22.12,12-16,Yu2007,C. wuellerstorfi
12,349.64817716466365,65.5304162639078,415.17859342857145,17.950559011787554,114.24236536737472,2148.1473852277695,2015.9544608486071,236.0,34.9561,2310.844274545535,3.21866,323.95570372579743,218.5822219678483,,,,0.032529359741867825,415.47821714285715,2360.0,1.0,8.013677087027187,3.21866,NEAP 8K,O,10.1016/j.epsl.2007.03.025,59.44,22.12,12-16,Yu2007,C. wuellerstorfi
13,348.718332205169,66.6396060805454,415.35793828571434,17.76693522704835,113.09673064253253,2150.3234444289965,2019.4597785594156,284.8,34.9712,2313.133637802735,2.7411,315.0386658029328,227.4288274461307,,,,0.033022543394325,415.65769142857147,2848.0,1.0,8.00187175386511,2.7411,NEAP 16B,O,10.1016/j.epsl.2007.03.025,56.36533,27.81333,core-top,Yu2007,C. wuellerstorfi
14,349.81388604756785,65.47991566671796,415.29380171428585,18.12386625941167,111.57736005091365,2151.4958776574103,2021.7946513470852,273.4,34.96580000000001,2311.2567517997954,2.7427,321.37650863993406,221.89299283207703,222.28197345210435,221.50401221204973,,0.03241039874862454,415.59350857142863,2734.0,2.0,7.998993041051348,2.7427,NEAP 17B,R,10.1016/j.epsl.2007.03.025,56.1,27.2,core-top,Yu2007,C. wuellerstorfi
15,349.7378306660361,65.41819619110673,415.1560268571428,18.36376219645738,108.72406899352438,2154.954489657737,2027.8666584677553,328.3,34.9542,2311.5445646128733,2.81926,326.53723997906735,209.36963496386952,,,,0.03228289520302634,415.4556342857143,3283.0,1.0,7.968498254266387,2.81926,NEAP 19B,R,10.1016/j.epsl.2007.03.025,52.45,30.2,core-top,Yu2007,C. wuellerstorfi
16,349.7378306660361,65.41819619110673,415.1560268571428,18.36376219645738,108.72406899352438,2154.954489657737,2027.8666584677553,328.3,34.9542,2311.5445646128733,2.81926,326.53723997906735,206.83133463977418,,,,0.03228289520302634,415.4556342857143,3283.0,1.0,7.968498254266387,2.81926,NEAP 19B,O,10.1016/j.epsl.2007.03.025,52.45,30.2,core-top,Yu2007,C. wuellerstorfi
17,350.1464320383755,64.88013396162461,415.0265660000001,18.482441265040283,110.67323292219966,2164.2479800045653,2035.092305817325,287.8,34.94330000000001,2322.1513007475924,3.03045,331.2138162405656,233.9028842537317,,,,0.0319036911005339,415.32608000000005,2878.0,1.0,7.983455751527299,3.03045,NEAP 20B,R,10.1016/j.epsl.2007.03.025,42.29,28.24,core-top,Yu2007,C. wuellerstorfi
18,350.1464320383755,64.88013396162461,415.0265660000001,18.482441265040283,110.67323292219966,2164.2479800045653,2035.092305817325,287.8,34.94330000000001,2322.1513007475924,3.03045,331.2138162405656,228.1056553995005,,,,0.0319036911005339,415.32608000000005,2878.0,1.0,7.983455751527299,3.03045,NEAP 20B,O,10.1016/j.epsl.2007.03.025,42.29,28.24,core-top,Yu2007,C. wuellerstorfi
19,350.1464320383755,64.88013396162461,415.0265660000001,18.482441265040283,110.67323292219966,2164.2479800045653,2035.092305817325,287.8,34.94330000000001,2322.1513007475924,3.03045,331.2138162405656,228.00345553125388,,,,0.0319036911005339,415.32608000000005,2878.0,1.0,7.983455751527299,3.03045,NEAP 20B,O,10.1016/j.epsl.2007.03.025,42.29,28.24,core-top,Yu2007,C. wuellerstorfi
20,348.9713527118372,66.03502214530565,415.0063748571429,18.13864522167323,111.33718888677178,2160.869738329785,2031.3939042213399,312.1,34.9416,2320.942263308706,2.99545,324.6279375887855,208.463931255695,212.87033371857652,204.05752879281349,,0.03253070602669948,415.3058742857143,3121.0,2.0,7.98007114107855,2.99545,T86 5B,R,10.1016/j.epsl.2007.03.025,46.9,25.4,core-top,Yu2007,C. wuellerstorfi
21,348.9713527118372,66.03502214530565,415.0063748571429,18.13864522167323,111.33718888677178,2160.869738329785,2031.3939042213399,312.1,34.9416,2320.942263308706,2.99545,324.6279375887855,194.91123788019434,,,,0.03253070602669948,415.3058742857143,3121.0,1.0,7.98007114107855,2.99545,T86 5B,O,10.1016/j.epsl.2007.03.025,46.9,25.4,core-top,Yu2007,C. wuellerstorfi
22,348.9713527118372,66.03502214530565,415.0063748571429,18.13864522167323,111.33718888677178,2160.869738329785,2031.3939042213399,312.1,34.9416,2320.942263308706,2.99545,324.6279375887855,209.75429831210147,,,,0.03253070602669948,415.3058742857143,3121.0,1.0,7.98007114107855,2.99545,T86 5B,O,10.1016/j.epsl.2007.03.025,46.9,25.4,core-top,Yu2007,C. wuellerstorfi
23,348.9713527118372,66.03502214530565,415.0063748571429,18.13864522167323,111.33718888677178,2160.869738329785,2031.3939042213399,312.1,34.9416,2320.942263308706,2.99545,324.6279375887855,215.96265763781037,,,,0.03253070602669948,415.3058742857143,3121.0,1.0,7.98007114107855,2.99545,T86 5B,R,10.1016/j.epsl.2007.03.025,46.9,25.4,core-top,Yu2007,C. wuellerstorfi
24,348.9713527118372,66.03502214530565,415.0063748571429,18.13864522167323,111.33718888677178,2160.869738329785,2031.3939042213399,312.1,34.9416,2320.942263308706,2.99545,324.6279375887855,206.67651367816305,,,,0.03253070602669948,415.3058742857143,3121.0,1.0,7.98007114107855,2.99545,T86 5B,"O, RB",10.1016/j.epsl.2007.03.025,46.9,25.4,core-top,Yu2007,C. wuellerstorfi
25,348.9713527118372,66.03502214530565,415.0063748571429,18.13864522167323,111.33718888677178,2160.869738329785,2031.3939042213399,312.1,34.9416,2320.942263308706,2.99545,324.6279375887855,215.91129479781048,,,,0.03253070602669948,415.3058742857143,3121.0,1.0,7.98007114107855,2.99545,T86 5B,O,10.1016/j.epsl.2007.03.025,46.9,25.4,core-top,Yu2007,C. wuellerstorfi
26,349.03141633039627,65.9630813838895,414.9944977142858,17.649472238662195,117.16840942976957,2144.029401397172,2009.2115197287403,202.6,34.9406,2310.4229255262717,3.44968,321.2183252611606,225.24564102123745,,,,0.03285402487257888,415.2939885714286,2026.0,1.0,8.032362316063388,3.44968,T86 9B,O,10.1016/j.epsl.2007.03.025,40.8,27.5,core-top,Yu2007,C. wuellerstorfi
27,349.03141633039627,65.9630813838895,414.9944977142858,17.649472238662195,117.16840942976957,2144.029401397172,2009.2115197287403,202.6,34.9406,2310.4229255262717,3.44968,321.2183252611606,226.92566188667126,,,,0.03285402487257888,415.2939885714286,2026.0,1.0,8.032362316063388,3.44968,T86 9B,O,10.1016/j.epsl.2007.03.025,40.8,27.5,core-top,Yu2007,C. wuellerstorfi
28,352.2904472076128,62.63635079238716,414.92679799999996,19.71623615551001,105.49012891605027,2195.475695148134,2070.2693300765736,327.1,34.9349,2344.653698803954,2.77094,349.91635171397496,205.61774505051812,,,,0.030277004506317297,415.22624,3271.0,1.0,7.947791749627923,2.77094,T86 15B,O,10.1016/j.epsl.2007.03.025,30.483,36.95,core-top,Yu2007,C. wuellerstorfi
29,350.1043123446225,64.97213765537748,415.07645,18.51216123780153,110.01806352600167,2165.7938631738148,2037.2636384100113,301.3,34.9475,2323.0923401724403,2.90445,330.20702210186465,210.77416054125692,207.7816248084448,213.76669627406903,,0.031914880897332576,415.376,3013.0,2.0,7.978448937283907,2.90445,T88 7B,R,10.1016/j.epsl.2007.03.025,50.5,26.5,core-top,Yu2007,C. wuellerstorfi
30,350.1043123446225,64.97213765537748,415.07645,18.51216123780153,110.01806352600167,2165.7938631738148,2037.2636384100113,301.3,34.9475,2323.0923401724403,2.90445,330.20702210186465,214.55135689323726,,,,0.031914880897332576,415.376,3013.0,1.0,7.978448937283907,2.90445,T88 7B,O,10.1016/j.epsl.2007.03.025,50.5,26.5,core-top,Yu2007,C. wuellerstorfi
31,348.1502211482037,66.91078856608215,415.0610097142858,17.84415146002423,113.20483591069578,2162.804763749285,2031.7557763785653,307.4,34.946200000000005,2325.921379770178,2.86077,317.7728144421332,204.19600063656145,,,,0.03295626233231837,415.3605485714286,3074.0,1.0,7.990937789446982,2.86077,T88 9B,R,10.1016/j.epsl.2007.03.025,48.4,25.1,core-top,Yu2007,C. wuellerstorfi
32,348.55590021409273,66.5276760716215,415.08357628571423,17.77977650104879,114.07603523809983,2153.027976722047,2021.1721649828978,274.1,34.9481,2316.7165450936805,3.04979,318.8593232025798,208.56685027388704,211.66749266514722,205.46620788262683,,0.03293914716325148,415.3831314285714,2741.0,2.0,8.003370546932274,3.04979,T88 11B,R,10.1016/j.epsl.2007.03.025,45.4,25.4,core-top,Yu2007,C. wuellerstorfi
33,349.55745392047487,65.46911207952525,415.0265660000001,18.386454353861055,110.97125347114728,2170.2007589837262,2040.8430511587185,305.2,34.94330000000001,2329.0802238550427,2.88629,327.73535358032575,208.3673747216128,210.5120403745544,206.22270906867118,,0.03210259574685752,415.32608000000005,3052.0,2.0,7.980601935438129,2.88629,T88 12B,R,10.1016/j.epsl.2007.03.025,44.1,24.9,core-top,Yu2007,C. wuellerstorfi
34,350.8648530801069,64.10589034846453,414.97074342857144,19.00831255270777,108.43603910575928,2183.294759494718,2055.850407836251,313.3,34.9386,2337.622983091392,2.77176,337.37011030447655,211.25739229508883,,,,0.031204679910793117,415.2702171428572,3133.0,1.0,7.966946834815115,2.77176,T88 13B,O,10.1016/j.epsl.2007.03.025,42.9,25.3,core-top,Yu2007,C. wuellerstorfi
35,350.1766471181553,64.87486088184473,415.051508,18.5060020963892,110.85752813588881,2167.643682014454,2038.2801517821758,285.8,34.9454,2325.6984746120147,2.96067,330.7828607275439,209.888874313397,,,,0.03185120521527859,415.35104,2858.0,1.0,7.985297108545343,2.96067,T88 14B,O,10.1016/j.epsl.2007.03.025,40.4,25.8,core-top,Yu2007,C. wuellerstorfi
36,351.12847267908455,63.92897389234409,415.0574465714286,18.81587863668112,109.81712920747444,2169.288057156651,2040.6550493124957,273.8,34.9459,2325.0389552348743,2.99981,336.8114740900617,225.42913487417908,,,,0.03135028127873933,415.3569828571429,2738.0,1.0,7.983661282002601,2.99981,T88 15aB,O,10.1016/j.epsl.2007.03.025,38.9,25.0,core-top,Yu2007,C. wuellerstorfi
37,351.8229606873371,63.252301598377265,415.0752622857144,19.234969849319004,107.88155331495946,2180.5659819620873,2053.4494587978093,293.4,34.94740000000001,2333.2620483945457,2.90772,343.1414552772244,209.3521474033022,,,,0.030825179985157193,415.3748114285715,2934.0,1.0,7.96884504972899,2.90772,T88 17B,R,10.1016/j.epsl.2007.03.025,35.4,29.4,core-top,Yu2007,C. wuellerstorfi
38,349.004729939642,65.61801320321511,414.6227431428572,18.832731050960604,108.87344324956666,2203.7267189454706,2076.020544644943,372.6,34.9093,2360.165653537396,2.51401,330.9970050802182,194.4279973862823,191.87931512137627,196.9766796511883,,0.031630403757475306,414.92196571428576,3726.0,2.0,7.9510875105215115,2.51401,T88 19B,R,10.1016/j.epsl.2007.03.025,31.308,30.475,core-top,Yu2007,C. wuellerstorfi
39,349.004729939642,65.61801320321511,414.6227431428572,18.832731050960604,108.87344324956666,2203.7267189454706,2076.020544644943,372.6,34.9093,2360.165653537396,2.51401,330.9970050802182,193.94767407383668,,,,0.031630403757475306,414.92196571428576,3726.0,1.0,7.9510875105215115,2.51401,T88 19B,O,10.1016/j.epsl.2007.03.025,31.308,30.475,core-top,Yu2007,C. wuellerstorfi
40,350.60934308302575,64.70346205983134,415.3128051428571,18.474900100376843,109.0678684507552,2153.722554398025,2026.1797858468922,291.1,34.9674,2309.8206702185926,2.62757,326.20100200194906,226.4581052072354,,,,0.03195676777391387,415.6125257142857,2911.0,1.0,7.9847671650922285,2.62757,T90-1B,O,10.1016/j.epsl.2007.03.025,58.5,20.493,core-top,Yu2007,C. wuellerstorfi
41,351.0580972427837,63.985096757216326,415.043194,18.765332538737503,109.59606460111071,2166.7404509808084,2038.3790538409608,273.1,34.9447,2322.3650421100187,2.79752,333.38917035156123,214.44008727377317,,,,0.031412839057324254,415.34272,2731.0,1.0,7.98701206830753,2.79752,T90-2B,O,10.1016/j.epsl.2007.03.025,53.1,20.8,core-top,Yu2007,C. wuellerstorfi
42,349.46227001414366,65.15928541442779,414.6215554285715,19.288048261752483,104.23209577611354,2205.0092579083876,2081.4891138705216,447.9,34.909200000000006,2355.862699513647,2.56814,339.6857996293741,197.82584870359068,,,,0.03132675965518091,414.92077714285716,4479.0,1.0,7.907004147352799,2.56814,T90-3B,O,10.1016/j.epsl.2007.03.025,47.673,20.808,core-top,Yu2007,C. wuellerstorfi
43,349.27556773012356,65.4053734127336,414.6809411428572,18.977406663734456,107.25890494176399,2201.8665115823433,2075.6301999768443,394.5,34.9142,2356.325139973056,2.55605,334.07403513887004,190.12188792359572,,,,0.03153383237029091,414.9802057142857,3945.0,1.0,7.937199480141921,2.55605,T90 4B,O,10.1016/j.epsl.2007.03.025,47.2,21.387,core-top,Yu2007,C. wuellerstorfi
44,349.27556773012356,65.4053734127336,414.6809411428572,18.977406663734456,107.25890494176399,2201.8665115823433,2075.6301999768443,394.5,34.9142,2356.325139973056,2.55605,334.07403513887004,189.40007561252162,194.3381578223559,184.46199340268737,,0.03153383237029091,414.9802057142857,3945.0,2.0,7.937199480141921,2.55605,T90 4B,R,10.1016/j.epsl.2007.03.025,47.2,21.387,core-top,Yu2007,C. wuellerstorfi
45,349.27556773012356,65.4053734127336,414.6809411428572,18.977406663734456,107.25890494176399,2201.8665115823433,2075.6301999768443,394.5,34.9142,2356.325139973056,2.55605,334.07403513887004,180.80760003278212,,,,0.03153383237029091,414.9802057142857,3945.0,1.0,7.937199480141921,2.55605,T90 4B,O,10.1016/j.epsl.2007.03.025,47.2,21.387,core-top,Yu2007,C. wuellerstorfi
46,348.226444397726,66.5863330308454,414.8127774285714,18.45511704250202,110.32832280425856,2196.3605026804403,2067.57706283368,375.2,34.9253,2355.621503344269,2.64747,326.0121024629282,210.17835992501338,,,,0.03222824816200935,415.11213714285714,3752.0,1.0,7.955365056295535,2.64747,T90 7B,O,10.1016/j.epsl.2007.03.025,46.295,23.605,core-top,Yu2007,C. wuellerstorfi
47,348.226444397726,66.5863330308454,414.8127774285714,18.45511704250202,110.32832280425856,2196.3605026804403,2067.57706283368,375.2,34.9253,2355.621503344269,2.64747,326.0121024629282,200.1144614814892,192.01770080621827,204.57154830513636,203.75413533311297,0.03222824816200935,415.11213714285714,3752.0,3.0,7.955365056295535,2.64747,T90 7B,R,10.1016/j.epsl.2007.03.025,46.295,23.605,core-top,Yu2007,C. wuellerstorfi
48,348.226444397726,66.5863330308454,414.8127774285714,18.45511704250202,110.32832280425856,2196.3605026804403,2067.57706283368,375.2,34.9253,2355.621503344269,2.64747,326.0121024629282,212.319707441783,,,,0.03222824816200935,415.11213714285714,3752.0,1.0,7.955365056295535,2.64747,T90 7B,O,10.1016/j.epsl.2007.03.025,46.295,23.605,core-top,Yu2007,C. wuellerstorfi
49,350.7223991321993,64.19014629637213,414.9125454285715,19.12365145494628,107.53826059882391,2189.3574085455753,2062.695496491805,339.3,34.9337,2342.7504134815445,2.79718,339.7286308818207,189.80956747590943,,,,0.031142003646934046,415.21197714285717,3393.0,1.0,7.953569727475462,2.79718,T90 8B,R,10.1016/j.epsl.2007.03.025,46.2,23.715,core-top,Yu2007,C. wuellerstorfi
50,347.24011190352047,67.38025581076536,414.6203677142858,17.155046333797458,118.74139001692602,2137.2920971638628,2001.3956608131396,216.2,34.90910000000001,2307.1795552352564,3.31248,310.5868895169322,223.9050869556137,217.25946243302698,231.29201637271504,223.16378206109908,0.03369093064849595,414.9195885714286,2162.0,3.0,8.03843507877812,3.31248,T90 10B,R,10.1016/j.epsl.2007.03.025,45.355,27.152,core-top,Yu2007,C. wuellerstorfi
51,350.1829213633602,64.79851149378266,414.9814328571429,18.707812243551697,108.91428335212501,2174.1429544639295,2046.520858868253,320.8,34.9395,2329.9512293674647,2.7872,332.2293444469744,199.26698085543057,,,,0.03168561641196822,415.28091428571435,3208.0,1.0,7.96826977103843,2.7872,T90 11B,R,10.1016/j.epsl.2007.03.025,45.0,24.66,core-top,Yu2007,C. wuellerstorfi
52,350.8369903265405,63.858203387745256,414.6951937142857,19.57718408810802,104.05745677674203,2202.3176884832355,2078.6830476183854,401.6,34.9154,2351.4044350337813,2.57709,344.90584018413136,190.01935230137684,187.1884832928918,192.85022130986192,,0.03074268021966674,414.99446857142857,4016.0,2.0,7.920851333164139,2.57709,T90 13B,R,10.1016/j.epsl.2007.03.025,44.0,20.017,core-top,Yu2007,C. wuellerstorfi
53,349.7132041732745,64.90478811243977,414.6179922857143,19.240423063142437,105.13235009442317,2201.8548653753905,2077.482092217825,417.7,34.9089,2353.407868174238,2.55332,338.6588881168401,195.3574940474876,,,,0.0312645911472631,414.9172114285715,4177.0,1.0,7.921102555039386,2.55332,T90 15B,R,10.1016/j.epsl.2007.03.025,47.6,20.922,core-top,Yu2007,C. wuellerstorfi
54,350.37971719240943,64.29172223616213,414.67143942857155,19.241861024158258,106.87721758580413,2200.6447992108688,2074.5257206009064,360.0,34.91340000000001,2353.3371115476116,2.51248,338.1766243307178,208.7714047859425,,,,0.031013411537823554,414.9706971428572,3600.0,1.0,7.947205566973908,2.51248,CD113A-SiteA,R,10.1016/j.epsl.2007.03.025,52.92,16.92,0-1,Yu2007,C. wuellerstorfi
55,350.37971719240943,64.29172223616213,414.67143942857155,19.241861024158258,106.87721758580413,2200.6447992108688,2074.5257206009064,360.0,34.91340000000001,2353.3371115476116,2.51248,338.1766243307178,218.0196349188792,,,,0.031013411537823554,414.9706971428572,3600.0,1.0,7.947205566973908,2.51248,CD113A-SiteA,O,10.1016/j.epsl.2007.03.025,52.92,16.92,0-1,Yu2007,C. wuellerstorfi
56,350.37971719240943,64.29172223616213,414.67143942857155,19.241861024158258,106.87721758580413,2200.6447992108688,2074.5257206009064,360.0,34.91340000000001,2353.3371115476116,2.51248,338.1766243307178,204.8849661362501,,,,0.031013411537823554,414.9706971428572,3600.0,1.0,7.947205566973908,2.51248,CD113A-SiteA,R,10.1016/j.epsl.2007.03.025,52.92,16.92,0-1,Yu2007,C. wuellerstorfi
57,348.75072912869365,66.17844429987785,414.9291734285715,17.507568440315122,118.34257673617655,2140.799843822586,2004.9496986460938,190.0,34.935100000000006,2308.7422706646407,3.56951,320.0326932420274,223.42774879990037,,,,0.0330313541661559,415.22861714285716,1900.0,1.0,8.03939091562473,3.56951,CD113A-SiteC,R,10.1016/j.epsl.2007.03.025,57.91,12.52,6-10,Yu2007,C. wuellerstorfi
58,348.75072912869365,66.17844429987785,414.9291734285715,17.507568440315122,118.34257673617655,2140.799843822586,2004.9496986460938,190.0,34.935100000000006,2308.7422706646407,3.56951,320.0326932420274,218.62361841560505,,,,0.0330313541661559,415.22861714285716,1900.0,1.0,8.03939091562473,3.56951,CD113A-SiteC,O,10.1016/j.epsl.2007.03.025,57.91,12.52,6-10,Yu2007,C. wuellerstorfi
59,349.8316133372862,64.85051551985661,414.68212885714286,18.987738979024044,108.0388250736108,2197.0500879665833,2070.0235239139483,354.7,34.9143,2351.7268792359914,2.51206,333.70696388140516,204.97852528422774,,,,0.031351004333770686,414.98139428571426,3547.0,1.0,7.954463623620302,2.51206,BOFS 5K,R,10.1016/j.epsl.2007.03.025,50.7,21.9,2-3,Yu2007,C. wuellerstorfi
60,349.8741516446232,64.7604686410911,414.6346202857143,19.168188748818164,105.0868803370117,2193.113870516781,2068.8588014309507,404.5,34.9103,2344.550144443637,2.52469,337.02943719152614,196.44155078412675,,,,0.031325097953096896,414.9338514285714,4045.0,1.0,7.92724724583305,2.52469,BOFS 8K,R,10.1016/j.epsl.2007.03.025,52.5,22.1,4-5,Yu2007,C. wuellerstorfi
61,347.9770431685905,66.84286054569525,414.8199037142857,17.306056806746405,118.83088420996252,2139.5583803994523,2003.4214393827433,200.4,34.9259,2308.8515944559276,3.42071,314.6049413097601,223.78896484579099,222.11093697357,225.466992718012,,0.03338843141253994,415.11926857142856,2004.0,2.0,8.04105171942397,3.42071,BOFS 11K,R,10.1016/j.epsl.2007.03.025,55.2,20.4,2-3,Yu2007,C. wuellerstorfi
62,347.9770431685905,66.84286054569525,414.8199037142857,17.306056806746405,118.83088420996252,2139.5583803994523,2003.4214393827433,200.4,34.9259,2308.8515944559276,3.42071,314.6049413097601,224.23501588314818,,,,0.03338843141253994,415.11926857142856,2004.0,1.0,8.04105171942397,3.42071,BOFS 11K,O,10.1016/j.epsl.2007.03.025,55.2,20.4,2-3,Yu2007,C. wuellerstorfi
63,351.9265355963171,62.678391832254334,414.60492742857144,19.916957648418606,104.90505028789529,2212.7586793953824,2087.9366714590683,350.0,34.9078,2361.168708985431,2.47978,349.601974086161,207.55783142727878,204.3227014424501,210.79296141210747,,0.030040961525902805,414.90413714285717,3500.0,2.0,7.939998936359079,2.47978,BOFS 30K,R,10.1016/j.epsl.2007.03.025,19.75,20.73,5-6,Yu2007,C. wuellerstorfi
64,352.644939167586,62.28423426098551,414.9291734285715,19.827343270826166,106.13877322971885,2201.3189952329594,2075.3528787324144,306.9,34.935100000000006,2350.6827534951485,2.74688,351.5735126700388,223.05197580405286,222.40776136568493,223.69619024242076,,0.030033053091790777,415.22861714285716,3069.0,2.0,7.955964359082402,2.74688,M12310-3,R,10.1016/j.epsl.2007.03.025,23.3,18.43,0-1,Yu2007,C. wuellerstorfi
65,354.5203689199712,59.542960794314574,414.06332971428577,20.660170591322068,102.47199342325781,2195.290713869511,2072.1585498549302,267.0,34.8622,2337.3695725089065,2.43077,361.88473041792747,213.03572025362166,212.13506060619596,213.93637990104736,,0.028755488532527983,414.3621485714286,2670.0,2.0,7.959750907863621,2.43077,PC174BX,R,10.1016/j.epsl.2007.03.025,-27.0155,3.8595,0-1,Yu2007,C. wuellerstorfi
66,363.75794258776864,49.20318826937425,412.96113085714285,25.852198934875787,86.81671147520869,2221.913063867172,2109.244153457087,208.2,34.7694,2332.684538194853,2.63249,456.00427467923095,220.0956677095347,,,,0.0233442377281704,413.25915428571426,2082.0,1.0,7.895337130222214,2.63249,ODP1088,R,10.1016/j.epsl.2007.03.025,-41.08,-13.34,2-9,Yu2007,C. wuellerstorfi
67,354.07384696600195,61.35654189114093,415.4303888571429,19.41905998604746,112.34130693338417,2169.805983634177,2038.0456167147454,160.4,34.9773,2324.9801841086232,4.12187,362.30900169894267,239.3381192461945,,,,0.030127304720772463,415.7301942857143,1604.0,1.0,8.008562522682865,4.12187,M35014-1,O,10.1016/j.epsl.2007.03.025,17.842,63.737,0-1,Yu2007,C. wuellerstorfi
68,353.5248840513715,62.01121137719998,415.5360954285715,19.31564125616561,111.21415052326884,2169.321569025813,2038.791777246379,200.4,34.986200000000004,2324.114260323513,4.00389,358.8522324700617,225.8848721776892,,,,0.03043761700746375,415.83597714285713,2004.0,1.0,7.993926434639922,4.00389,M35020-1,O,10.1016/j.epsl.2007.03.025,17.93,65.67,0-1,Yu2007,C. wuellerstorfi
69,352.4279213420092,62.68534780084802,415.1132691428572,19.44667167268253,107.59925516017601,2180.910657565982,2053.864730733123,288.5,34.9506,2332.5676068363196,3.36001,352.7807016171129,222.3669177273958,,,,0.030542705790546007,415.41284571428577,2885.0,1.0,7.961235831962368,3.36001,M35004-1,O,10.1016/j.epsl.2007.03.025,14.41,61.662,0-1,Yu2007,C. wuellerstorfi
70,352.4279213420092,62.68534780084802,415.1132691428572,19.44667167268253,107.59925516017601,2180.910657565982,2053.864730733123,288.5,34.9506,2332.5676068363196,3.36001,352.7807016171129,232.14052700201412,,,,0.030542705790546007,415.41284571428577,2885.0,1.0,7.961235831962368,3.36001,M35004-1,O,10.1016/j.epsl.2007.03.025,14.41,61.662,0-1,Yu2007,C. wuellerstorfi
71,352.4279213420092,62.68534780084802,415.1132691428572,19.44667167268253,107.59925516017601,2180.910657565982,2053.864730733123,288.5,34.9506,2332.5676068363196,3.36001,352.7807016171129,216.91255609502937,,,,0.030542705790546007,415.41284571428577,2885.0,1.0,7.961235831962368,3.36001,M35004-1,O,10.1016/j.epsl.2007.03.025,14.41,61.662,0-1,Yu2007,C. wuellerstorfi
72,352.4279213420092,62.68534780084802,415.1132691428572,19.44667167268253,107.59925516017601,2180.910657565982,2053.864730733123,288.5,34.9506,2332.5676068363196,3.36001,352.7807016171129,228.17385195078916,,,,0.030542705790546007,415.41284571428577,2885.0,1.0,7.961235831962368,3.36001,M35004-1,"O, RB",10.1016/j.epsl.2007.03.025,14.41,61.662,0-1,Yu2007,C. wuellerstorfi
73,353.6510617844132,61.0500705013012,414.7011322857143,20.441239258346677,99.14523570386233,2184.9619555700147,2065.3754806078055,381.5,34.9159,2325.434258175102,2.632,360.8686604811938,207.9767030939355,,,,0.029580155928480442,415.00041142857145,3815.0,1.0,7.907845019862985,2.632,M35026-2,O,10.1016/j.epsl.2007.03.025,17.508,67.043,0-1,Yu2007,C. wuellerstorfi
74,349.5269063125928,65.93198768740722,415.458894,19.04187844465827,105.88478264376499,2189.8272590240667,2064.9005979356434,471.0,34.9797,2343.4683363483477,4.35141,358.25257297785566,177.48330402983652,,,,0.03195290328909721,415.75872000000004,4710.0,1.0,7.87920277396347,4.35141,M35024-6,O,10.1016/j.epsl.2007.03.025,17.043,66.002,0-1,Yu2007,C. wuellerstorfi
75,349.5269063125928,65.93198768740722,415.458894,19.04187844465827,105.88478264376499,2189.8272590240667,2064.9005979356434,471.0,34.9797,2343.4683363483477,4.35141,358.25257297785566,172.54498289956402,,,,0.03195290328909721,415.75872000000004,4710.0,1.0,7.87920277396347,4.35141,M35024-6,O,10.1016/j.epsl.2007.03.025,17.043,66.002,0-1,Yu2007,C. wuellerstorfi
76,349.5794304071718,64.34256130711393,413.9219917142857,19.43906245064229,102.90467691853574,2201.8310132354445,2079.4872738662666,429.1,34.8503,2350.3495649220295,1.95114,334.3878482281736,185.61561275677713,,,,0.030963880610475284,414.22070857142853,4291.0,1.0,7.918812691123295,1.95114,GeoB4413-1,O,10.1016/j.epsl.2007.03.025,6.087,44.193,0-1,Yu2007,C. wuellerstorfi
77,349.5794304071718,64.34256130711393,413.9219917142857,19.43906245064229,102.90467691853574,2201.8310132354445,2079.4872738662666,429.1,34.8503,2350.3495649220295,1.95114,334.3878482281736,185.67633395678865,,,,0.030963880610475284,414.22070857142853,4291.0,1.0,7.918812691123295,1.95114,GeoB4413-1,O,10.1016/j.epsl.2007.03.025,6.087,44.193,0-1,Yu2007,C. wuellerstorfi
78,349.5794304071718,64.34256130711393,413.9219917142857,19.43906245064229,102.90467691853574,2201.8310132354445,2079.4872738662666,429.1,34.8503,2350.3495649220295,1.95114,334.3878482281736,193.08941788078988,,,,0.030963880610475284,414.22070857142853,4291.0,1.0,7.918812691123295,1.95114,GeoB4413-1,O,10.1016/j.epsl.2007.03.025,6.087,44.193,0-1,Yu2007,C. wuellerstorfi
79,353.0800501212865,62.01302787871353,415.093078,19.39982514372015,108.8220954832523,2172.456319880934,2044.2343992539622,229.8,34.9489,2324.7074500793337,3.14431,349.13455461945586,219.86898189992195,,,,0.03035746835532924,415.39264000000003,2298.0,1.0,7.9897638284940555,3.14431,GeoB1503-2,O,10.1016/j.epsl.2007.03.025,2.31,30.648,0-1,Yu2007,C. wuellerstorfi
80,350.06869456007996,64.7072637256343,414.7759582857143,18.689661017204415,110.20230417528828,2179.585006639647,2050.6930414471544,298.0,34.9222,2336.6101423170044,2.70222,330.8240230404025,227.99770747820426,,,,0.03157662311477823,415.0752914285714,2980.0,1.0,7.981088936521063,2.70222,GeoB1504-1,R,10.1016/j.epsl.2007.03.025,2.288,31.287,0-1,Yu2007,C. wuellerstorfi
81,350.06869456007996,64.7072637256343,414.7759582857143,18.689661017204415,110.20230417528828,2179.585006639647,2050.6930414471544,298.0,34.9222,2336.6101423170044,2.70222,330.8240230404025,227.83218768155658,,,,0.03157662311477823,415.0752914285714,2980.0,1.0,7.981088936521063,2.70222,GeoB1504-1,O,10.1016/j.epsl.2007.03.025,2.288,31.287,0-1,Yu2007,C. wuellerstorfi
82,350.06869456007996,64.7072637256343,414.7759582857143,18.689661017204415,110.20230417528828,2179.585006639647,2050.6930414471544,298.0,34.9222,2336.6101423170044,2.70222,330.8240230404025,209.48920515404285,,,,0.03157662311477823,415.0752914285714,2980.0,1.0,7.981088936521063,2.70222,GeoB1504-1,O,10.1016/j.epsl.2007.03.025,2.288,31.287,0-1,Yu2007,C. wuellerstorfi
83,349.8952617878504,64.76192506929247,414.6571868571429,18.775353446034085,108.4351672265981,2179.799879665283,2052.5893589926504,329.1,34.9122,2335.0063058984842,2.53781,330.2879883773056,211.1249970764974,,,,0.03157410019753072,414.9564342857143,3291.0,1.0,7.967128417181472,2.53781,GeoB1523-2,O,10.1016/j.epsl.2007.03.025,3.815,41.622,0-1,Yu2007,C. wuellerstorfi
84,349.8952617878504,64.76192506929247,414.6571868571429,18.775353446034085,108.4351672265981,2179.799879665283,2052.5893589926504,329.1,34.9122,2335.0063058984842,2.53781,330.2879883773056,224.51598191708337,,,,0.03157410019753072,414.9564342857143,3291.0,1.0,7.967128417181472,2.53781,GeoB1523-2,O,10.1016/j.epsl.2007.03.025,3.815,41.622,0-1,Yu2007,C. wuellerstorfi
85,349.24447485275795,65.25949686152784,414.50397171428574,18.68997587170364,107.65320096653386,2179.3198450293326,2052.9766681910946,358.4,34.8993,2334.3167444185087,2.41487,327.2520895122505,207.82097546642322,,,,0.031810684443756614,414.80310857142854,3584.0,1.0,7.9571996764065345,2.41487,GeoB4415-2,O,10.1016/j.epsl.2007.03.025,5.853,44.978,0-1,Yu2007,C. wuellerstorfi
86,350.92672135139856,63.5701240771729,414.4968454285714,19.327416591610547,103.63588834719071,2176.929946580305,2053.966641641504,370.9,34.8987,2325.5492928418084,2.33521,337.4033549623875,196.39944190971084,,,,0.03097226591281471,414.7959771428571,3709.0,1.0,7.938027641464317,2.33521,GeoB4406-2,O,10.1016/j.epsl.2007.03.025,5.09,43.762,0-1,Yu2007,C. wuellerstorfi
87,350.92672135139856,63.5701240771729,414.4968454285714,19.327416591610547,103.63588834719071,2176.929946580305,2053.966641641504,370.9,34.8987,2325.5492928418084,2.33521,337.4033549623875,206.55032164452808,,,,0.03097226591281471,414.7959771428571,3709.0,1.0,7.938027641464317,2.33521,GeoB4406-2,O,10.1016/j.epsl.2007.03.025,5.09,43.762,0-1,Yu2007,C. wuellerstorfi
88,347.3050561789971,67.1062738210029,414.41133,18.16263982447131,109.22104071607669,2179.6430494767565,2052.259368936209,390.3,34.8915,2338.5868992831383,2.24967,316.03980534443326,211.3676660049601,,,,0.03272232726019767,414.71040000000005,3903.0,1.0,7.956783943437422,2.24967,GeoB4416-2,O,10.1016/j.epsl.2007.03.025,5.675,45.088,0-1,Yu2007,C. wuellerstorfi
89,350.4053542108741,62.81707378912598,413.22242800000004,20.22230680837239,99.4547478914545,2220.507798400584,2100.830743700757,450.3,34.7914,2363.213916476468,1.44429,341.1228432848306,187.43938615993142,,,,0.029922642480545877,413.52064000000007,4503.0,1.0,7.902331142598509,1.44429,GeoB4403-1,O,10.1016/j.epsl.2007.03.025,6.134,43.441,0-1,Yu2007,C. wuellerstorfi
90,350.4053542108741,62.81707378912598,413.22242800000004,20.22230680837239,99.4547478914545,2220.507798400584,2100.830743700757,450.3,34.7914,2363.213916476468,1.44429,341.1228432848306,172.380890751147,,,,0.029922642480545877,413.52064000000007,4503.0,1.0,7.902331142598509,1.44429,GeoB4403-1,O,10.1016/j.epsl.2007.03.025,6.134,43.441,0-1,Yu2007,C. wuellerstorfi
91,351.7006789378712,63.25462420498597,414.9553031428572,19.096502570494156,108.39494742947885,2173.205115146517,2045.713665146544,276.3,34.9373,2326.5574563300092,2.83912,339.7833443707425,222.62444601405997,,,,0.030942880481812582,415.2547657142857,2763.0,1.0,7.9790428913476035,2.83912,GeoB4420-1,O,10.1016/j.epsl.2007.03.025,16.472,46.463,0-1,Yu2007,C. wuellerstorfi
92,351.7006789378712,63.25462420498597,414.9553031428572,19.096502570494156,108.39494742947885,2173.205115146517,2045.713665146544,276.3,34.9373,2326.5574563300092,2.83912,339.7833443707425,226.65427906594573,,,,0.030942880481812582,415.2547657142857,2763.0,1.0,7.9790428913476035,2.83912,GeoB4420-1,O,10.1016/j.epsl.2007.03.025,16.472,46.463,0-1,Yu2007,C. wuellerstorfi
93,351.7006789378712,63.25462420498597,414.9553031428572,19.096502570494156,108.39494742947885,2173.205115146517,2045.713665146544,276.3,34.9373,2326.5574563300092,2.83912,339.7833443707425,215.68217012977763,,,,0.030942880481812582,415.2547657142857,2763.0,1.0,7.9790428913476035,2.83912,GeoB4420-1,O,10.1016/j.epsl.2007.03.025,16.472,46.463,0-1,Yu2007,C. wuellerstorfi
94,352.17375392440243,62.58795178988329,414.7617057142857,19.60416021128246,105.32150872586156,2186.464903292952,2061.5392343558074,317.6,34.921,2335.531883126081,2.62288,345.98362576466894,230.9647870654181,,,,0.030381725878125827,415.06102857142855,3176.0,1.0,7.954534972223038,2.62288,GeoB4421-2,R,10.1016/j.epsl.2007.03.025,16.99,46.01,0-1,Yu2007,C. wuellerstorfi
95,352.17375392440243,62.58795178988329,414.7617057142857,19.60416021128246,105.32150872586156,2186.464903292952,2061.5392343558074,317.6,34.921,2335.531883126081,2.62288,345.98362576466894,228.9267179516248,,,,0.030381725878125827,415.06102857142855,3176.0,1.0,7.954534972223038,2.62288,GeoB4421-2,O,10.1016/j.epsl.2007.03.025,16.99,46.01,0-1,Yu2007,C. wuellerstorfi
96,352.17375392440243,62.58795178988329,414.7617057142857,19.60416021128246,105.32150872586156,2186.464903292952,2061.5392343558074,317.6,34.921,2335.531883126081,2.62288,345.98362576466894,224.09656938079817,,,,0.030381725878125827,415.06102857142855,3176.0,1.0,7.954534972223038,2.62288,GeoB4421-2,O,10.1016/j.epsl.2007.03.025,16.99,46.01,0-1,Yu2007,C. wuellerstorfi
97,350.48415588376884,63.54473011623117,414.02888599999994,19.948023899379177,99.2982693548378,2203.2434517416095,2083.997158487393,477.9,34.8593,2346.830137770036,2.10234,345.1226884380837,177.55617759357347,,,,0.030513759798029998,414.32768,4779.0,1.0,7.884651497343499,2.10234,GeoB4424-2,O,10.1016/j.epsl.2007.03.025,18.195,44.018,0-1,Yu2007,C. wuellerstorfi
98,350.48415588376884,63.54473011623117,414.02888599999994,19.948023899379177,99.2982693548378,2203.2434517416095,2083.997158487393,477.9,34.8593,2346.830137770036,2.10234,345.1226884380837,185.04682521858888,,,,0.030513759798029998,414.32768,4779.0,1.0,7.884651497343499,2.10234,GeoB4424-2,O,10.1016/j.epsl.2007.03.025,18.195,44.018,0-1,Yu2007,C. wuellerstorfi
99,346.5893341735574,67.95620754072833,414.5455417142857,17.510417199498136,111.82127828923025,2152.9661656627995,2023.6344701740713,344.8,34.9028,2316.036213171038,2.17577,303.8662928765499,200.60865378386293,,,,0.03360550079102081,414.84470857142855,3448.0,1.0,7.988218025960923,2.17577,HU91-045-093,O,10.1016/j.epsl.2007.03.025,50.204666,45.685833,32-34,Yu2007,C. wuellerstorfi
100,347.8541756883653,66.80894974020616,414.66312542857145,18.34707162209225,111.22214252356866,2198.004867109446,2068.435652963785,365.6,34.9127,2358.4891892026158,2.51787,322.5143052929988,218.21209283332942,,,,0.03232257379889979,414.9623771428572,3656.0,1.0,7.963988655775244,2.51787,OMEX 12B,O,10.1016/j.epsl.2007.03.025,48.9988,13.2087,0-1,Yu2007,C. wuellerstorfi
101,349.1610673508955,65.38447436339027,414.5455417142857,19.13203179407403,105.2266579822095,2203.2567580065866,2078.898068230303,433.5,34.9028,2355.490582846193,2.50499,336.13100203170444,184.72908589585967,,,,0.03147420340470718,414.84470857142855,4335.0,1.0,7.917237266057767,2.50499,OMEX 14B,O,10.1016/j.epsl.2007.03.025,48.588,13.3395,0-1,Yu2007,C. wuellerstorfi
104,358.38095436578016,54.226237634219984,412.6071920000001,24.222084264928647,86.5794443664552,2248.654569352671,2137.853040721287,415.6,34.7396,2365.783545711614,1.13603,403.69111157952057,170.00148159565524,,,,0.025383115809096298,412.9049600000001,4156.0,1.0,7.851104508908013,1.13603,WIND 1B,O,10.1016/j.epsl.2007.03.025,-35.121833333333335,-35.535333333333334,core-top,Yu2007,C. wuellerstorfi
105,360.6113127680584,51.7298312319416,412.341144,25.46011054890112,84.26985294859816,2256.209546633969,2146.47958313647,373.1,34.7172,2367.2764082687704,1.15576,424.587774711837,170.42361364191063,169.00078795676956,171.8464393270517,,0.024117240027613923,412.63872,3731.0,2.0,7.850625808403559,1.15576,WIND 3B,R,10.1016/j.epsl.2007.03.025,-32.64416666666666,-48.494,core-top,Yu2007,C. wuellerstorfi
106,360.1116923005535,52.33990912801797,412.4516014285715,25.134255365124716,85.7853351044291,2259.3382002199514,2148.4186097503975,368.4,34.7265,2372.8694631609546,1.25637,420.79139359886733,172.86345376573612,171.02243920220317,172.80909804575413,174.75882404925102,0.024379644291279694,412.7492571428572,3684.0,3.0,7.857583233160478,1.25637,WIND 5B,R,10.1016/j.epsl.2007.03.025,-31.569,-47.56916666666667,core-top,Yu2007,C. wuellerstorfi
107,360.1116923005535,52.33990912801797,412.4516014285715,25.134255365124716,85.7853351044291,2259.3382002199514,2148.4186097503975,368.4,34.7265,2372.8694631609546,1.25637,420.79139359886733,176.85891986430127,,,,0.024379644291279694,412.7492571428572,3684.0,1.0,7.857583233160478,1.25637,WIND 5B,O,10.1016/j.epsl.2007.03.025,-31.569,-47.56916666666667,core-top,Yu2007,C. wuellerstorfi
108,360.5177654807102,51.793685662147,412.31145114285715,25.658078766301546,82.6299282188758,2259.04836618901,2150.7603592038326,415.0,34.7147,2368.3273311796006,1.06382,426.3799933188614,144.74169555965761,147.20153542029146,142.2818556990238,,0.024098948825878184,412.60900571428573,4150.0,2.0,7.829897111120262,1.06382,WIND 6B,R,10.1016/j.epsl.2007.03.025,-31.273333333333333,-47.56433333333333,core-top,Yu2007,C. wuellerstorfi
109,360.5177654807102,51.793685662147,412.31145114285715,25.658078766301546,82.6299282188758,2259.04836618901,2150.7603592038326,415.0,34.7147,2368.3273311796006,1.06382,426.3799933188614,147.20356499573435,,,,0.024098948825878184,412.60900571428573,4150.0,1.0,7.829897111120262,1.06382,WIND 6B,O,10.1016/j.epsl.2007.03.025,-31.273333333333333,-47.56433333333333,core-top,Yu2007,C. wuellerstorfi
110,362.62874776547085,50.02951594881487,412.6582637142857,26.196475902490526,85.87744728360104,2265.8799075363127,2153.8059843502215,287.1,34.7439,2376.149134675069,1.86463,448.8729386286009,197.62789611130097,195.37302852923094,201.54693357454346,195.96372623012843,0.023245186115980317,412.95606857142855,2871.0,3.0,7.871161256337958,1.86463,WIND 10B,R,10.1016/j.epsl.2007.03.025,-29.124833333333335,-47.549,core-top,Yu2007,C. wuellerstorfi
111,362.1792252599044,50.058587597238514,412.2378128571429,26.7644800977558,79.46042020360471,2263.055148226522,2156.830247925161,419.6,34.7085,2366.298770850067,1.00049,443.67147991702683,151.65149054153008,,,,0.023226080791850998,412.5353142857143,4196.0,1.0,7.811420321231135,1.00049,WIND 12B,R,10.1016/j.epsl.2007.03.025,-25.8465,-47.92283333333334,core-top,Yu2007,C. wuellerstorfi
112,361.58315516672064,50.70454169042222,412.28769685714286,26.376466010475855,81.48785342333287,2269.033360989337,2161.1690415555277,406.5,34.7127,2375.3553164133314,1.14767,439.7215563758166,152.4364111835201,,,,0.023478558538733218,412.58523428571425,4065.0,1.0,7.822954059656085,1.14767,WIND 13B,R,10.1016/j.epsl.2007.03.025,-23.938666666666666,-48.9985,core-top,Yu2007,C. wuellerstorfi
113,361.53848997002217,50.86085202997785,412.39934200000005,26.363965034304066,83.53469963233047,2284.899074377014,2175.0004097103797,383.8,34.7221,2393.4553077353266,1.41037,443.96649590869606,171.87100883094308,,,,0.02340117122356999,412.69696,3838.0,1.0,7.8333212473640135,1.41037,WIND 22B,R,10.1016/j.epsl.2007.03.025,-13.614166666666666,-51.18966666666667,core-top,Yu2007,C. wuellerstorfi
114,361.9979440800018,50.35388934856959,412.3518334285714,26.67005770935883,81.8966202756399,2280.8949515417935,2172.3282735567946,393.5,34.7181,2386.9839909825578,1.23494,446.1157953712044,162.36387699965906,,,,0.0231964151408498,412.64941714285715,3935.0,1.0,7.825341515189273,1.23494,WIND 25B,O,10.1016/j.epsl.2007.03.025,-11.802333333333333,-50.57383333333333,core-top,Yu2007,C. wuellerstorfi
115,359.7157291080253,52.56127832054613,412.27700742857144,25.34035022822046,84.45315234340228,2270.3045116817834,2160.51100911016,414.7,34.7118,2382.502199340577,1.08295,421.40131677376723,152.9269657633224,,,,0.024345726645996532,412.57453714285714,4147.0,1.0,7.83720206074475,1.08295,WIND 28B,O,10.1016/j.epsl.2007.03.025,-10.1555,-51.77033333333333,core-top,Yu2007,C. wuellerstorfi
116,363.88992981913265,48.58780132372468,412.4777311428573,27.781785430378644,81.23956270828018,2295.9744749594684,2186.9531268208093,352.0,34.72870000000001,2398.531327887022,1.57981,470.8852045453075,184.3292193833009,183.5027778322298,185.7040959439636,183.7807843737093,0.02223315410566483,412.7754057142858,3520.0,3.0,7.825625711276832,1.57981,WIND 33B,R,10.1016/j.epsl.2007.03.025,-11.211833333333333,-58.77066666666666,core-top,Yu2007,C. wuellerstorfi
117,365.89245749062104,46.6957310808076,412.58818857142865,29.785962820179137,81.55329090278893,2364.8181737001864,2253.478919977218,319.0,34.73800000000001,2463.7815652828604,1.70499,507.2861343079717,160.03361403293462,157.82343735376915,162.24379071210006,,0.020736573027090695,412.8859428571429,3190.0,2.0,7.8221480931531175,1.70499,CD145 A3200,R,10.1016/j.epsl.2007.03.025,19.9995,-65.584,core-top,Yu2007,C. wuellerstorfi
118,365.89245749062104,46.6957310808076,412.58818857142865,29.785962820179137,81.55329090278893,2364.8181737001864,2253.478919977218,319.0,34.73800000000001,2463.7815652828604,1.70499,507.2861343079717,174.5833687121056,,,,0.020736573027090695,412.8859428571429,3190.0,1.0,7.8221480931531175,1.70499,CD145 A3200,O,10.1016/j.epsl.2007.03.025,19.9995,-65.584,core-top,Yu2007,C. wuellerstorfi
119,361.9722926737834,50.634899326216726,412.6071920000001,25.75657808233463,85.47580928947276,2253.4536692845913,2142.2212819127835,303.6,34.7396,2364.353991766549,1.50097,435.2815541781888,196.8109850484926,,,,0.02365369145511718,412.9049600000001,3036.0,1.0,7.872803434671148,1.50097,E49-19,O,10.1016/j.epsl.2007.03.025,-43.52,-90.06,6-8,Yu2007,C. wuellerstorfi
120,360.1554071360845,52.16910886391554,412.324516,25.64170388679303,86.0948733655316,2291.5427036839747,2179.80612643165,381.0,34.7158,2404.697332607521,1.19461,428.24808559301044,171.21120922348493,,,,0.02395018407149914,412.62208000000004,3810.0,1.0,7.850141488529413,1.19461,RC14-33,O,10.1016/j.epsl.2007.03.025,-2.4,-90.0,core-top,Yu2007,C. wuellerstorfi
123,363.044132002691,49.07253399730907,412.11666600000007,27.918318353387583,78.24809170022937,2296.359459176441,2190.193049122824,444.1,34.6983,2396.2470988452988,1.34537,468.9120598740243,130.54937171306207,,,,0.02242174423977381,412.41408000000007,4441.0,1.0,7.784641376997855,1.34537,131 BX,R,10.1016/j.epsl.2007.03.025,0.0,-162.7,core-top,Yu2007,C. wuellerstorfi
124,366.2614390024369,45.50247585470594,411.7639148571428,29.912211615479396,79.90175533751272,2329.6801603869458,2219.866193433954,276.7,34.6686,2425.6669708568147,1.66765,508.5049729482066,207.26537279979868,201.17462883753345,213.3561167620639,,0.020512638985219465,412.06107428571426,2767.0,2.0,7.834095470547391,1.66765,79 BX,R,10.1016/j.epsl.2007.03.025,2.79,-156.23,core-top,Yu2007,C. wuellerstorfi
125,371.3290284290696,40.274544999501835,411.6035734285714,34.161398073318345,72.0876190782196,2336.628003617094,2230.3789864655564,230.0,34.6551,2415.276057159256,1.92996,586.486448271415,232.9,,,,0.018070296728723175,411.90061714285713,2300.0,1.0,7.797156413631479,1.92996,102BX,"R,r",10.1016/j.epsl.2007.03.025,-3.6,-161.317,core-top,Yu2007,C. wuellerstorfi
126,366.0801538095912,45.88092161898024,411.96107542857146,30.078976934394603,76.23367801393215,2321.2988378216514,2214.9861828733247,373.2,34.6852,2413.80307713775,1.4677,507.52152358428145,158.42137379486908,,,,0.020728812240577432,412.25837714285717,3732.0,1.0,7.78833172823807,1.4677,128 BX,R,10.1016/j.epsl.2007.03.025,0.0,-161.43,core-top,Yu2007,C. wuellerstorfi
127,370.6292664088329,40.716573019738526,411.3458394285714,33.45788747818889,74.65806646404344,2333.727283847949,2225.6113299057165,192.4,34.6334,2416.119681115492,2.29914,582.3716569434669,199.65162373659848,,,,0.01830775956966369,411.6426971428572,1924.0,1.0,7.818490051246528,2.29914,88 BX,R,10.1016/j.epsl.2007.03.025,-0.05,-155.87,core-top,Yu2007,C. wuellerstorfi
128,370.6173149479764,40.73089990916646,411.3482148571429,33.45013993919967,74.65370241686125,2333.757961738255,2225.654119382194,193.2,34.6336,2416.167993616329,2.29679,582.1861468195785,200.21807160545944,203.671741819666,196.76440139125287,,0.01831384939701382,411.6450742857143,1932.0,2.0,7.818252457016397,2.29679,89P,R,10.1016/j.epsl.2007.03.025,0.0,-155.85,core-top,Yu2007,C. wuellerstorfi
129,363.94524923701744,48.17141676298267,412.11666600000007,28.442809143650315,76.95923527330315,2294.1857356802734,2188.78369126332,434.1,34.6983,2391.350212476395,1.33704,477.56964497984546,167.19526312622648,,,,0.02202418677922309,412.41408000000007,4341.0,1.0,7.780945355215522,1.33704,5.5BC58,"R,r",10.1016/j.epsl.2007.03.025,-0.013333333333333334,-162.2235,core-top,Yu2007,C. wuellerstorfi
130,363.94524923701744,48.17141676298267,412.11666600000007,28.442809143650315,76.95923527330315,2294.1857356802734,2188.78369126332,434.1,34.6983,2391.350212476395,1.33704,477.56964497984546,142.1995577187615,,,,0.02202418677922309,412.41408000000007,4341.0,1.0,7.780945355215522,1.33704,5.5BC58,O,10.1016/j.epsl.2007.03.025,-0.013333333333333334,-162.2235,core-top,Yu2007,C. wuellerstorfi
131,363.94524923701744,48.17141676298267,412.11666600000007,28.442809143650315,76.95923527330315,2294.1857356802734,2188.78369126332,434.1,34.6983,2391.350212476395,1.33704,477.56964497984546,135.55307005824835,,,,0.02202418677922309,412.41408000000007,4341.0,1.0,7.780945355215522,1.33704,5.5BC58,O,10.1016/j.epsl.2007.03.025,-0.013333333333333334,-162.2235,core-top,Yu2007,C. wuellerstorfi
132,363.04481021691674,49.07185578308333,412.11666600000007,27.918232031825845,78.25077047284307,2296.3592643522634,2190.1902618475942,444.0,34.6983,2396.249006581354,1.34535,468.9102525201978,142.86418619528615,,,,0.022421462890653637,412.41408000000007,4440.0,1.0,7.784688088536399,1.34535,BC66,R,10.1016/j.epsl.2007.03.025,-0.0004,-162.7,core-top,Yu2007,C. wuellerstorfi
133,363.04481021691674,49.07185578308333,412.11666600000007,27.918232031825845,78.25077047284307,2296.3592643522634,2190.1902618475942,444.0,34.6983,2396.249006581354,1.34535,468.9102525201978,132.88450075270245,,,,0.022421462890653637,412.41408000000007,4440.0,1.0,7.784688088536399,1.34535,BC66,O,10.1016/j.epsl.2007.03.025,-0.0004,-162.7,core-top,Yu2007,C. wuellerstorfi
134,371.7433255831316,39.66308727401145,411.40641285714304,34.53626848438216,72.15726521441933,2334.7698696145276,2228.076335915726,201.5,34.63850000000001,2412.5095088834346,2.20428,599.0223037972871,186.2992463504923,185.6874883336094,186.91100436737523,,0.01781434076755793,411.7033142857143,2015.0,2.0,7.802059305005328,2.20428,1.5BC33,R,10.1016/j.epsl.2007.03.025,-0.9976666666666667,-157.84866666666667,core-top,Yu2007,C. wuellerstorfi
135,371.7433255831316,39.66308727401145,411.40641285714304,34.53626848438216,72.15726521441933,2334.7698696145276,2228.076335915726,201.5,34.63850000000001,2412.5095088834346,2.20428,599.0223037972871,192.02621372405025,,,,0.01781434076755793,411.7033142857143,2015.0,1.0,7.802059305005328,2.20428,1.5BC33,O,10.1016/j.epsl.2007.03.025,-0.9976666666666667,-157.84866666666667,core-top,Yu2007,C. wuellerstorfi
136,371.7433255831316,39.66308727401145,411.40641285714304,34.53626848438216,72.15726521441933,2334.7698696145276,2228.076335915726,201.5,34.63850000000001,2412.5095088834346,2.20428,599.0223037972871,206.21949891025662,,,,0.01781434076755793,411.7033142857143,2015.0,1.0,7.802059305005328,2.20428,1.5BC33,O,10.1016/j.epsl.2007.03.025,-0.9976666666666667,-157.84866666666667,core-top,Yu2007,C. wuellerstorfi
137,371.7433255831316,39.66308727401145,411.40641285714304,34.53626848438216,72.15726521441933,2334.7698696145276,2228.076335915726,201.5,34.63850000000001,2412.5095088834346,2.20428,599.0223037972871,185.94864475784559,,,,0.01781434076755793,411.7033142857143,2015.0,1.0,7.802059305005328,2.20428,1.5BC33,O,10.1016/j.epsl.2007.03.025,-0.9976666666666667,-157.84866666666667,core-top,Yu2007,C. wuellerstorfi
138,371.7433255831316,39.66308727401145,411.40641285714304,34.53626848438216,72.15726521441933,2334.7698696145276,2228.076335915726,201.5,34.63850000000001,2412.5095088834346,2.20428,599.0223037972871,183.5737511451902,,,,0.01781434076755793,411.7033142857143,2015.0,1.0,7.802059305005328,2.20428,1.5BC33,O,10.1016/j.epsl.2007.03.025,-0.9976666666666667,-157.84866666666667,core-top,Yu2007,C. wuellerstorfi
139,372.40485471068075,38.6036738607478,411.0085285714286,35.159322254607645,71.75719790230346,2323.273119279849,2216.3565991229384,161.4,34.605,2398.9487736512465,2.84944,624.5938196096918,203.8801670169057,207.02061996137533,200.73971407243604,,0.01743019744870545,411.3051428571428,1614.0,2.0,7.803124613210643,2.84944,1BC7,R,10.1016/j.epsl.2007.03.025,-2.1791666666666667,-157.00133333333332,core-top,Yu2007,C. wuellerstorfi
140,372.40485471068075,38.6036738607478,411.0085285714286,35.159322254607645,71.75719790230346,2323.273119279849,2216.3565991229384,161.4,34.605,2398.9487736512465,2.84944,624.5938196096918,191.52243636451445,,,,0.01743019744870545,411.3051428571428,1614.0,1.0,7.803124613210643,2.84944,1BC7,O,10.1016/j.epsl.2007.03.025,-2.1791666666666667,-157.00133333333332,core-top,Yu2007,C. wuellerstorfi
141,372.40485471068075,38.6036738607478,411.0085285714286,35.159322254607645,71.75719790230346,2323.273119279849,2216.3565991229384,161.4,34.605,2398.9487736512465,2.84944,624.5938196096918,193.160377661682,,,,0.01743019744870545,411.3051428571428,1614.0,1.0,7.803124613210643,2.84944,1BC7,O,10.1016/j.epsl.2007.03.025,-2.1791666666666667,-157.00133333333332,core-top,Yu2007,C. wuellerstorfi
142,372.4059421977883,38.60139865935458,411.0073408571429,35.16230130879293,71.74338096267863,2323.2434024730233,2216.337720201552,161.6,34.6049,2398.899869119185,2.84837,624.6215128201021,198.53133272009393,194.09155101687114,202.9711144233167,,0.017429318620536614,411.3039542857143,1616.0,2.0,7.803003894594378,2.84837,1BC3,R,10.1016/j.epsl.2007.03.025,-2.2426666666666666,-156.99783333333335,core-top,Yu2007,C. wuellerstorfi
143,372.4059421977883,38.60139865935458,411.0073408571429,35.16230130879293,71.74338096267863,2323.2434024730233,2216.337720201552,161.6,34.6049,2398.899869119185,2.84837,624.6215128201021,191.52820496091226,,,,0.017429318620536614,411.3039542857143,1616.0,1.0,7.803003894594378,2.84837,1BC3,O,10.1016/j.epsl.2007.03.025,-2.2426666666666666,-156.99783333333335,core-top,Yu2007,C. wuellerstorfi
144,372.4059421977883,38.60139865935458,411.0073408571429,35.16230130879293,71.74338096267863,2323.2434024730233,2216.337720201552,161.6,34.6049,2398.899869119185,2.84837,624.6215128201021,194.81303735022482,,,,0.017429318620536614,411.3039542857143,1616.0,1.0,7.803003894594378,2.84837,1BC3,O,10.1016/j.epsl.2007.03.025,-2.2426666666666666,-156.99783333333335,core-top,Yu2007,C. wuellerstorfi
145,371.74435068877415,39.66324988265439,411.40760057142853,34.5370261900995,72.15313533895838,2334.7842201614326,2228.0940586323745,201.6,34.6386,2412.519069994853,2.2031,599.0092334657979,184.29635577311973,184.53381068655142,184.058900859688,,0.01781427210235967,411.7045028571428,2016.0,2.0,7.802020276559667,2.2031,1.5BC11,R,10.1016/j.epsl.2007.03.025,-1.0166666666666666,-157.83333333333334,core-top,Yu2007,C. wuellerstorfi
146,371.74435068877415,39.66324988265439,411.40760057142853,34.5370261900995,72.15313533895838,2334.7842201614326,2228.0940586323745,201.6,34.6386,2412.519069994853,2.2031,599.0092334657979,187.90429023504169,,,,0.01781427210235967,411.7045028571428,2016.0,1.0,7.802020276559667,2.2031,1.5BC11,O,10.1016/j.epsl.2007.03.025,-1.0166666666666666,-157.83333333333334,core-top,Yu2007,C. wuellerstorfi
147,371.57153468346627,39.969089887962376,411.5406245714286,34.47324588477755,71.57648095686486,2338.0862006571692,2232.0364738155267,230.1,34.6498,2415.6035184310945,1.97669,592.866327451238,183.27073477408032,,,,0.01791992873840857,411.83762285714283,2301.0,1.0,7.792947267027105,1.97669,2BC13,O,10.1016/j.epsl.2007.03.025,0.008,-158.9128,core-top,Yu2007,C. wuellerstorfi
148,371.57153468346627,39.969089887962376,411.5406245714286,34.47324588477755,71.57648095686486,2338.0862006571692,2232.0364738155267,230.1,34.6498,2415.6035184310945,1.97669,592.866327451238,178.34326460604655,,,,0.01791992873840857,411.83762285714283,2301.0,1.0,7.792947267027105,1.97669,2BC13,O,10.1016/j.epsl.2007.03.025,0.008,-158.9128,core-top,Yu2007,C. wuellerstorfi
149,369.1405330041142,42.616255567314425,411.75678857142856,32.433511632791536,73.7949710199291,2335.550217751433,2229.3217350987125,295.9,34.668,2419.981047532953,1.66253,551.2578328974456,190.33479157957936,,,,0.01913003850077469,412.0539428571429,2959.0,1.0,7.791936535395992,1.66253,3BC16,R,10.1016/j.epsl.2007.03.025,0.013833333333333333,-160.45166666666665,core-top,Yu2007,C. wuellerstorfi
150,369.1174882118749,42.639300359553616,411.75678857142856,32.41654717680731,73.81379600209247,2335.4991119523293,2229.2687687734297,296.5,34.668,2419.988927271902,1.66233,550.9653166722763,183.92145572516313,,,,0.01914083785850682,412.0539428571429,2965.0,1.0,7.791877300919373,1.66233,3BC24,R,10.1016/j.epsl.2007.03.025,0.007833333333333333,-160.42533333333333,core-top,Yu2007,C. wuellerstorfi
151,366.22506514122625,45.65643343020228,411.88149857142855,30.097214284022566,77.24809757710526,2324.16555581014,2216.8202439490124,341.1,34.6785,2417.449002517903,1.53607,509.13078081365484,174.85923465241024,,,,0.02061032356089148,412.1787428571429,3411.0,1.0,7.802468820424494,1.53607,4BC51,R,10.1016/j.epsl.2007.03.025,-0.0235,-161.0165,core-top,Yu2007,C. wuellerstorfi
152,366.22506514122625,45.65643343020228,411.88149857142855,30.097214284022566,77.24809757710526,2324.16555581014,2216.8202439490124,341.1,34.6785,2417.449002517903,1.53607,509.13078081365484,163.39445788408236,,,,0.02061032356089148,412.1787428571429,3411.0,1.0,7.802468820424494,1.53607,4BC51,O,10.1016/j.epsl.2007.03.025,-0.0235,-161.0165,core-top,Yu2007,C. wuellerstorfi
153,366.22506514122625,45.65643343020228,411.88149857142855,30.097214284022566,77.24809757710526,2324.16555581014,2216.8202439490124,341.1,34.6785,2417.449002517903,1.53607,509.13078081365484,149.49881352155006,,,,0.02061032356089148,412.1787428571429,3411.0,1.0,7.802468820424494,1.53607,4BC51,O,10.1016/j.epsl.2007.03.025,-0.0235,-161.0165,core-top,Yu2007,C. wuellerstorfi
154,363.04911731790156,49.06754868209853,412.11666600000007,27.919950674438052,78.24803504735208,2296.357474025433,2190.189488303643,443.8,34.6983,2396.238333476139,1.34237,468.8858481441899,168.71184081218917,,,,0.022419502847769335,412.41408000000007,4438.0,1.0,7.784786278637416,1.34237,6BC74,"R,r",10.1016/j.epsl.2007.03.025,0.0006666666666666666,-162.73466666666667,core-top,Yu2007,C. wuellerstorfi
155,363.04911731790156,49.06754868209853,412.11666600000007,27.919950674438052,78.24803504735208,2296.357474025433,2190.189488303643,443.8,34.6983,2396.238333476139,1.34237,468.8858481441899,133.22695238299204,,,,0.022419502847769335,412.41408000000007,4438.0,1.0,7.784786278637416,1.34237,6BC74,O,10.1016/j.epsl.2007.03.025,0.0006666666666666666,-162.73466666666667,core-top,Yu2007,C. wuellerstorfi
156,370.6146789676343,41.01739960379431,411.6320785714286,33.5664615178889,72.96005202670831,2337.3620091368434,2230.835495592246,244.5,34.6575,2418.225180144517,1.88403,575.2818548435652,176.50138093394497,,,,0.018399833106206527,411.92914285714284,2445.0,1.0,7.798649438279426,1.88403,2.5BC37,O,10.1016/j.epsl.2007.03.025,0.004666666666666667,-159.48383333333334,core-top,Yu2007,C. wuellerstorfi
157,370.6146789676343,41.01739960379431,411.6320785714286,33.5664615178889,72.96005202670831,2337.3620091368434,2230.835495592246,244.5,34.6575,2418.225180144517,1.88403,575.2818548435652,171.00478413596514,,,,0.018399833106206527,411.92914285714284,2445.0,1.0,7.798649438279426,1.88403,2.5BC37,O,10.1016/j.epsl.2007.03.025,0.004666666666666667,-159.48383333333334,core-top,Yu2007,C. wuellerstorfi
158,366.1038090951041,45.85726633346733,411.96107542857146,30.085016732258925,76.27351074437256,2321.310716373923,2214.9521888972913,371.1,34.6852,2413.825341010175,1.46889,507.6464151663549,157.8908456396275,,,,0.020718442850983936,412.25837714285717,3711.0,1.0,7.789191371218973,1.46889,4.5BC53,O,10.1016/j.epsl.2007.03.025,-0.008833333333333334,-161.38866666666667,core-top,Yu2007,C. wuellerstorfi
159,366.1038090951041,45.85726633346733,411.96107542857146,30.085016732258925,76.27351074437256,2321.310716373923,2214.9521888972913,371.1,34.6852,2413.825341010175,1.46889,507.6464151663549,151.6232385107687,,,,0.020718442850983936,412.25837714285717,3711.0,1.0,7.789191371218973,1.46889,4.5BC53,O,10.1016/j.epsl.2007.03.025,-0.008833333333333334,-161.38866666666667,core-top,Yu2007,C. wuellerstorfi
1,349.55745392047487,65.46911207952525,415.0265660000001,18.386454353861055,110.97125347114728,2170.2007589837262,2040.8430511587185,305.2,34.94330000000001,2329.0802238550427,2.88629,327.73535358032575,136.14509351136812,138.70447783923996,130.8753668851957,138.8554358096687,0.03210259574685752,415.32608000000005,3052.0,3.0,7.980601935438129,2.88629,T88 12B,R,10.1016/j.epsl.2007.03.025,44.1,24.9,core-top,Yu2007,C. mundulus
2,349.55745392047487,65.46911207952525,415.0265660000001,18.386454353861055,110.97125347114728,2170.2007589837262,2040.8430511587185,305.2,34.94330000000001,2329.0802238550427,2.88629,327.73535358032575,146.99063072855952,,,,0.03210259574685752,415.32608000000005,3052.0,1.0,7.980601935438129,2.88629,T88 12B,O,10.1016/j.epsl.2007.03.025,44.1,24.9,core-top,Yu2007,C. mundulus
3,350.8648530801069,64.10589034846453,414.97074342857144,19.00831255270777,108.43603910575928,2183.294759494718,2055.850407836251,313.3,34.9386,2337.622983091392,2.77176,337.37011030447655,138.303991186313,,,,0.031204679910793117,415.2702171428572,3133.0,1.0,7.966946834815115,2.77176,T88 13B,R,10.1016/j.epsl.2007.03.025,42.9,25.3,core-top,Yu2007,C. mundulus
4,350.1766471181553,64.87486088184473,415.051508,18.5060020963892,110.85752813588881,2167.643682014454,2038.2801517821758,285.8,34.9454,2325.6984746120147,2.96067,330.7828607275439,145.72291724046593,,,,0.03185120521527859,415.35104,2858.0,1.0,7.985297108545343,2.96067,T88 14B,R,10.1016/j.epsl.2007.03.025,40.4,25.8,core-top,Yu2007,C. mundulus
5,351.12847267908455,63.92897389234409,415.0574465714286,18.81587863668112,109.81712920747444,2169.288057156651,2040.6550493124957,273.8,34.9459,2325.0389552348743,2.99981,336.8114740900617,143.65826026758307,,,,0.03135028127873933,415.3569828571429,2738.0,1.0,7.983661282002601,2.99981,T88 15aB,R,10.1016/j.epsl.2007.03.025,38.9,25.0,core-top,Yu2007,C. mundulus
6,351.8229606873371,63.252301598377265,415.0752622857144,19.234969849319004,107.88155331495946,2180.5659819620873,2053.4494587978093,293.4,34.94740000000001,2333.2620483945457,2.90772,343.1414552772244,156.7517987040933,,,,0.030825179985157193,415.3748114285715,2934.0,1.0,7.96884504972899,2.90772,T88 17B,R,10.1016/j.epsl.2007.03.025,35.4,29.4,core-top,Yu2007,C. mundulus
7,349.27556773012356,65.4053734127336,414.6809411428572,18.977406663734456,107.25890494176399,2201.8665115823433,2075.6301999768443,394.5,34.9142,2356.325139973056,2.55605,334.07403513887004,119.44193614097337,,,,0.03153383237029091,414.9802057142857,3945.0,1.0,7.937199480141921,2.55605,T90 4B,O,10.1016/j.epsl.2007.03.025,47.2,21.387,core-top,Yu2007,C. mundulus
8,349.27556773012356,65.4053734127336,414.6809411428572,18.977406663734456,107.25890494176399,2201.8665115823433,2075.6301999768443,394.5,34.9142,2356.325139973056,2.55605,334.07403513887004,123.91615287055114,123.45940257045982,124.37290317064249,,0.03153383237029091,414.9802057142857,3945.0,2.0,7.937199480141921,2.55605,T90 4B,R,10.1016/j.epsl.2007.03.025,47.2,21.387,core-top,Yu2007,C. mundulus
9,349.27556773012356,65.4053734127336,414.6809411428572,18.977406663734456,107.25890494176399,2201.8665115823433,2075.6301999768443,394.5,34.9142,2356.325139973056,2.55605,334.07403513887004,124.65293652460382,,,,0.03153383237029091,414.9802057142857,3945.0,1.0,7.937199480141921,2.55605,T90 4B,"R, RB",10.1016/j.epsl.2007.03.025,47.2,21.387,core-top,Yu2007,C. mundulus
10,348.34444106708895,66.66906007576821,415.0135011428572,17.951183608519933,112.98756501066612,2166.517947736955,2035.5791991177691,306.9,34.9422,2329.0659995835526,2.87411,319.829827267223,141.4529450916557,,,,0.032775523276569914,415.31300571428574,3069.0,1.0,7.989247920908519,2.87411,T90 5B,R,10.1016/j.epsl.2007.03.025,46.0,23.848,core-top,Yu2007,C. mundulus
11,348.34444106708895,66.66906007576821,415.0135011428572,17.951183608519933,112.98756501066612,2166.517947736955,2035.5791991177691,306.9,34.9422,2329.0659995835526,2.87411,319.829827267223,136.0864307544228,,,,0.032775523276569914,415.31300571428574,3069.0,1.0,7.989247920908519,2.87411,T90 5B,O,10.1016/j.epsl.2007.03.025,46.0,23.848,core-top,Yu2007,C. mundulus
12,348.226444397726,66.5863330308454,414.8127774285714,18.45511704250202,110.32832280425856,2196.3605026804403,2067.57706283368,375.2,34.9253,2355.621503344269,2.64747,326.0121024629282,144.93307643044164,,,,0.03222824816200935,415.11213714285714,3752.0,1.0,7.955365056295535,2.64747,T90 7B,R,10.1016/j.epsl.2007.03.025,46.295,23.605,core-top,Yu2007,C. mundulus
13,350.7223991321993,64.19014629637213,414.9125454285715,19.12365145494628,107.53826059882391,2189.3574085455753,2062.695496491805,339.3,34.9337,2342.7504134815445,2.79718,339.7286308818207,134.66416211121506,,,,0.031142003646934046,415.21197714285717,3393.0,1.0,7.953569727475462,2.79718,T90 8B,R,10.1016/j.epsl.2007.03.025,46.2,23.715,core-top,Yu2007,C. mundulus
14,350.7223991321993,64.19014629637213,414.9125454285715,19.12365145494628,107.53826059882391,2189.3574085455753,2062.695496491805,339.3,34.9337,2342.7504134815445,2.79718,339.7286308818207,139.72392353059374,,,,0.031142003646934046,415.21197714285717,3393.0,1.0,7.953569727475462,2.79718,T90 8B,O,10.1016/j.epsl.2007.03.025,46.2,23.715,core-top,Yu2007,C. mundulus
15,350.7223991321993,64.19014629637213,414.9125454285715,19.12365145494628,107.53826059882391,2189.3574085455753,2062.695496491805,339.3,34.9337,2342.7504134815445,2.79718,339.7286308818207,135.88387954727813,,,,0.031142003646934046,415.21197714285717,3393.0,1.0,7.953569727475462,2.79718,T90 8B,"R, RB",10.1016/j.epsl.2007.03.025,46.2,23.715,core-top,Yu2007,C. mundulus
16,350.7223991321993,64.19014629637213,414.9125454285715,19.12365145494628,107.53826059882391,2189.3574085455753,2062.695496491805,339.3,34.9337,2342.7504134815445,2.79718,339.7286308818207,131.9214260615229,,,,0.031142003646934046,415.21197714285717,3393.0,1.0,7.953569727475462,2.79718,T90 8B,O,10.1016/j.epsl.2007.03.025,46.2,23.715,core-top,Yu2007,C. mundulus
17,350.7223991321993,64.19014629637213,414.9125454285715,19.12365145494628,107.53826059882391,2189.3574085455753,2062.695496491805,339.3,34.9337,2342.7504134815445,2.79718,339.7286308818207,131.83168991920215,,,,0.031142003646934046,415.21197714285717,3393.0,1.0,7.953569727475462,2.79718,T90 8B,O,10.1016/j.epsl.2007.03.025,46.2,23.715,core-top,Yu2007,C. mundulus
18,347.24011190352047,67.38025581076536,414.6203677142858,17.155046333797458,118.74139001692602,2137.2920971638628,2001.3956608131396,216.2,34.90910000000001,2307.1795552352564,3.31248,310.5868895169322,169.2635656759008,,,,0.03369093064849595,414.9195885714286,2162.0,1.0,8.03843507877812,3.31248,T90 10B,R,10.1016/j.epsl.2007.03.025,45.355,27.152,core-top,Yu2007,C. mundulus
19,350.1829213633602,64.79851149378266,414.9814328571429,18.707812243551697,108.91428335212501,2174.1429544639295,2046.520858868253,320.8,34.9395,2329.9512293674647,2.7872,332.2293444469744,142.65847495589773,,,,0.03168561641196822,415.28091428571435,3208.0,1.0,7.96826977103843,2.7872,T90 11B,R,10.1016/j.epsl.2007.03.025,45.0,24.66,core-top,Yu2007,C. mundulus
20,350.1829213633602,64.79851149378266,414.9814328571429,18.707812243551697,108.91428335212501,2174.1429544639295,2046.520858868253,320.8,34.9395,2329.9512293674647,2.7872,332.2293444469744,146.83508386989175,,,,0.03168561641196822,415.28091428571435,3208.0,1.0,7.96826977103843,2.7872,T90 11B,O,10.1016/j.epsl.2007.03.025,45.0,24.66,core-top,Yu2007,C. mundulus
21,350.1829213633602,64.79851149378266,414.9814328571429,18.707812243551697,108.91428335212501,2174.1429544639295,2046.520858868253,320.8,34.9395,2329.9512293674647,2.7872,332.2293444469744,144.0,,,,0.03168561641196822,415.28091428571435,3208.0,1.0,7.96826977103843,2.7872,T90 11B,"R, RB",10.1016/j.epsl.2007.03.025,45.0,24.66,core-top,Yu2007,C. mundulus
22,350.8369903265405,63.858203387745256,414.6951937142857,19.57718408810802,104.05745677674203,2202.3176884832355,2078.6830476183854,401.6,34.9154,2351.4044350337813,2.57709,344.90584018413136,124.01075815768321,,,,0.03074268021966674,414.99446857142857,4016.0,1.0,7.920851333164139,2.57709,T90 13B,R,10.1016/j.epsl.2007.03.025,44.0,20.017,core-top,Yu2007,C. mundulus
23,350.8369903265405,63.858203387745256,414.6951937142857,19.57718408810802,104.05745677674203,2202.3176884832355,2078.6830476183854,401.6,34.9154,2351.4044350337813,2.57709,344.90584018413136,125.36027226537641,,,,0.03074268021966674,414.99446857142857,4016.0,1.0,7.920851333164139,2.57709,T90 13B,O,10.1016/j.epsl.2007.03.025,44.0,20.017,core-top,Yu2007,C. mundulus
24,350.8369903265405,63.858203387745256,414.6951937142857,19.57718408810802,104.05745677674203,2202.3176884832355,2078.6830476183854,401.6,34.9154,2351.4044350337813,2.57709,344.90584018413136,131.8097753916057,,,,0.03074268021966674,414.99446857142857,4016.0,1.0,7.920851333164139,2.57709,T90 13B,"O, RB",10.1016/j.epsl.2007.03.025,44.0,20.017,core-top,Yu2007,C. mundulus
25,349.7132041732745,64.90478811243977,414.6179922857143,19.240423063142437,105.13235009442317,2201.8548653753905,2077.482092217825,417.7,34.9089,2353.407868174238,2.55332,338.6588881168401,119.70007648169964,,,,0.0312645911472631,414.9172114285715,4177.0,1.0,7.921102555039386,2.55332,T90 15B,R,10.1016/j.epsl.2007.03.025,47.6,20.922,core-top,Yu2007,C. mundulus
26,349.7132041732745,64.90478811243977,414.6179922857143,19.240423063142437,105.13235009442317,2201.8548653753905,2077.482092217825,417.7,34.9089,2353.407868174238,2.55332,338.6588881168401,114.76898912656038,,,,0.0312645911472631,414.9172114285715,4177.0,1.0,7.921102555039386,2.55332,T90 15B,O,10.1016/j.epsl.2007.03.025,47.6,20.922,core-top,Yu2007,C. mundulus
27,350.37971719240943,64.29172223616213,414.67143942857155,19.241861024158258,106.87721758580413,2200.6447992108688,2074.5257206009064,360.0,34.91340000000001,2353.3371115476116,2.51248,338.1766243307178,124.34480635984477,129.02366645079502,119.66594626889453,,0.031013411537823554,414.9706971428572,3600.0,2.0,7.947205566973908,2.51248,CD113A-SiteA,R,10.1016/j.epsl.2007.03.025,52.92,16.92,0-1,Yu2007,C. mundulus
28,347.7656221631841,69.1684129796731,416.9340351428572,16.404836615638132,131.60005142276307,2130.0180214434113,1982.01313340501,110.0,35.1039,2315.598100739171,6.00236,327.6556414762415,171.63169020605633,,,,0.03492324489580708,417.23492571428574,1100.0,1.0,8.070582782926534,6.00236,CD113A-SiteB,R,10.1016/j.epsl.2007.03.025,57.43,15.68,3-8,Yu2007,C. mundulus
29,347.7656221631841,69.1684129796731,416.9340351428572,16.404836615638132,131.60005142276307,2130.0180214434113,1982.01313340501,110.0,35.1039,2315.598100739171,6.00236,327.6556414762415,165.10325314934263,,,,0.03492324489580708,417.23492571428574,1100.0,1.0,8.070582782926534,6.00236,CD113A-SiteB,O,10.1016/j.epsl.2007.03.025,57.43,15.68,3-8,Yu2007,C. mundulus
30,347.9770431685905,66.84286054569525,414.8199037142857,17.306056806746405,118.83088420996252,2139.5583803994523,2003.4214393827433,200.4,34.9259,2308.8515944559276,3.42071,314.6049413097601,163.33772007773462,,,,0.03338843141253994,415.11926857142856,2004.0,1.0,8.04105171942397,3.42071,BOFS 11K,R,10.1016/j.epsl.2007.03.025,55.2,20.4,2-3,Yu2007,C. mundulus
31,348.78655075279363,65.64378267577774,414.43033342857143,17.54826908590981,117.7116580025085,2134.1612979317865,1998.901370843368,175.6,34.8931,2300.885971328651,3.4393,319.1644935008207,157.1931479606066,,,,0.03286363052417413,414.72941714285713,1756.0,1.0,8.045425192492608,3.4393,BOFS 14K,R,10.1016/j.epsl.2007.03.025,58.6,19.4,0-1,Yu2007,C. mundulus
32,348.78655075279363,65.64378267577774,414.43033342857143,17.54826908590981,117.7116580025085,2134.1612979317865,1998.901370843368,175.6,34.8931,2300.885971328651,3.4393,319.1644935008207,159.50226911114584,,,,0.03286363052417413,414.72941714285713,1756.0,1.0,8.045425192492608,3.4393,BOFS 14K,O,10.1016/j.epsl.2007.03.025,58.6,19.4,0-1,Yu2007,C. mundulus
33,350.929456554911,65.50930173080324,416.43875828571424,17.60980691225448,123.48907919359611,2139.4642361620045,1998.365350056154,115.0,35.0622,2311.9478454565806,5.49653,345.3908502445088,165.76885158530672,,,,0.03280510148327245,416.7392914285714,1150.0,1.0,8.047075299340415,5.49653,BOFS 17K,R,10.1016/j.epsl.2007.03.025,58.0,16.5,2-3,Yu2007,C. mundulus
34,350.929456554911,65.50930173080324,416.43875828571424,17.60980691225448,123.48907919359611,2139.4642361620045,1998.365350056154,115.0,35.0622,2311.9478454565806,5.49653,345.3908502445088,168.49477873556035,,,,0.03280510148327245,416.7392914285714,1150.0,1.0,8.047075299340415,5.49653,BOFS 17K,O,10.1016/j.epsl.2007.03.025,58.0,16.5,2-3,Yu2007,C. mundulus
35,351.9265355963171,62.678391832254334,414.60492742857144,19.916957648418606,104.90505028789529,2212.7586793953824,2087.9366714590683,350.0,34.9078,2361.168708985431,2.47978,349.601974086161,138.9894840072214,142.347292329881,135.6316756845618,,0.030040961525902805,414.90413714285717,3500.0,2.0,7.939998936359079,2.47978,BOFS 30K,R,10.1016/j.epsl.2007.03.025,19.75,20.73,5-6,Yu2007,C. mundulus
36,363.75794258776864,49.20318826937425,412.96113085714285,25.852198934875787,86.81671147520869,2221.913063867172,2109.244153457087,208.2,34.7694,2332.684538194853,2.63249,456.00427467923095,142.041583155367,146.62448469278115,137.4586816179528,,0.0233442377281704,413.25915428571426,2082.0,2.0,7.895337130222214,2.63249,ODP1088,R,10.1016/j.epsl.2007.03.025,-41.08,-13.34,2-9,Yu2007,C. mundulus
37,349.8953625424981,65.24641174321619,415.14177428571435,18.271866618409437,112.36622784950784,2161.0650052474184,2030.4269107795014,269.6,34.953,2321.2585848222698,3.15165,328.932247542848,149.179881478315,,,,0.032157522171359455,415.4413714285715,2696.0,1.0,7.994377314576802,3.15165,M35010-2,O,10.1016/j.epsl.2007.03.025,18.933,64.09,0-1,Yu2007,C. mundulus
38,352.4279213420092,62.68534780084802,415.1132691428572,19.44667167268253,107.59925516017601,2180.910657565982,2053.864730733123,288.5,34.9506,2332.5676068363196,3.36001,352.7807016171129,137.08577615184905,,,,0.030542705790546007,415.41284571428577,2885.0,1.0,7.961235831962368,3.36001,M35004-1,O,10.1016/j.epsl.2007.03.025,14.41,61.662,0-1,Yu2007,C. mundulus
39,352.4279213420092,62.68534780084802,415.1132691428572,19.44667167268253,107.59925516017601,2180.910657565982,2053.864730733123,288.5,34.9506,2332.5676068363196,3.36001,352.7807016171129,145.08272832236776,,,,0.030542705790546007,415.41284571428577,2885.0,1.0,7.961235831962368,3.36001,M35004-1,O,10.1016/j.epsl.2007.03.025,14.41,61.662,0-1,Yu2007,C. mundulus
40,353.0800501212865,62.01302787871353,415.093078,19.39982514372015,108.8220954832523,2172.456319880934,2044.2343992539622,229.8,34.9489,2324.7074500793337,3.14431,349.13455461945586,142.02978341970564,,,,0.03035746835532924,415.39264000000003,2298.0,1.0,7.9897638284940555,3.14431,GeoB1503-2,O,10.1016/j.epsl.2007.03.025,2.31,30.648,0-1,Yu2007,C. mundulus
41,350.06869456007996,64.7072637256343,414.7759582857143,18.689661017204415,110.20230417528828,2179.585006639647,2050.6930414471544,298.0,34.9222,2336.6101423170044,2.70222,330.8240230404025,137.87807797969964,,,,0.03157662311477823,415.0752914285714,2980.0,1.0,7.981088936521063,2.70222,GeoB1504-1,O,10.1016/j.epsl.2007.03.025,2.288,31.287,0-1,Yu2007,C. mundulus
42,350.06869456007996,64.7072637256343,414.7759582857143,18.689661017204415,110.20230417528828,2179.585006639647,2050.6930414471544,298.0,34.9222,2336.6101423170044,2.70222,330.8240230404025,148.52161663348008,,,,0.03157662311477823,415.0752914285714,2980.0,1.0,7.981088936521063,2.70222,GeoB1504-1,"O, RB",10.1016/j.epsl.2007.03.025,2.288,31.287,0-1,Yu2007,C. mundulus
43,349.8952617878504,64.76192506929247,414.6571868571429,18.775353446034085,108.4351672265981,2179.799879665283,2052.5893589926504,329.1,34.9122,2335.0063058984842,2.53781,330.2879883773056,134.04278043388305,,,,0.03157410019753072,414.9564342857143,3291.0,1.0,7.967128417181472,2.53781,GeoB1523-2,O,10.1016/j.epsl.2007.03.025,3.815,41.622,0-1,Yu2007,C. mundulus
44,350.92672135139856,63.5701240771729,414.4968454285714,19.327416591610547,103.63588834719071,2176.929946580305,2053.966641641504,370.9,34.8987,2325.5492928418084,2.33521,337.4033549623875,127.34221186560147,,,,0.03097226591281471,414.7959771428571,3709.0,1.0,7.938027641464317,2.33521,GeoB4406-2,O,10.1016/j.epsl.2007.03.025,5.09,43.762,0-1,Yu2007,C. mundulus
45,351.7006789378712,63.25462420498597,414.9553031428572,19.096502570494156,108.39494742947885,2173.205115146517,2045.713665146544,276.3,34.9373,2326.5574563300092,2.83912,339.7833443707425,157.3794227156421,,,,0.030942880481812582,415.2547657142857,2763.0,1.0,7.9790428913476035,2.83912,GeoB4420-1,O,10.1016/j.epsl.2007.03.025,16.472,46.463,0-1,Yu2007,C. mundulus
46,352.17375392440243,62.58795178988329,414.7617057142857,19.60416021128246,105.32150872586156,2186.464903292952,2061.5392343558074,317.6,34.921,2335.531883126081,2.62288,345.98362576466894,146.99896371735912,,,,0.030381725878125827,415.06102857142855,3176.0,1.0,7.954534972223038,2.62288,GeoB4421-2,O,10.1016/j.epsl.2007.03.025,16.99,46.01,0-1,Yu2007,C. mundulus
47,352.17375392440243,62.58795178988329,414.7617057142857,19.60416021128246,105.32150872586156,2186.464903292952,2061.5392343558074,317.6,34.921,2335.531883126081,2.62288,345.98362576466894,138.6192485348359,,,,0.030381725878125827,415.06102857142855,3176.0,1.0,7.954534972223038,2.62288,GeoB4421-2,"O, RB",10.1016/j.epsl.2007.03.025,16.99,46.01,0-1,Yu2007,C. mundulus
48,347.8541756883653,66.80894974020616,414.66312542857145,18.34707162209225,111.22214252356866,2198.004867109446,2068.435652963785,365.6,34.9127,2358.4891892026158,2.51787,322.5143052929988,118.34206861451582,,,,0.03232257379889979,414.9623771428572,3656.0,1.0,7.963988655775244,2.51787,OMEX 12B,O,10.1016/j.epsl.2007.03.025,48.9988,13.2087,0-1,Yu2007,C. mundulus
49,347.8541756883653,66.80894974020616,414.66312542857145,18.34707162209225,111.22214252356866,2198.004867109446,2068.435652963785,365.6,34.9127,2358.4891892026158,2.51787,322.5143052929988,123.14991029715831,,,,0.03232257379889979,414.9623771428572,3656.0,1.0,7.963988655775244,2.51787,OMEX 12B,O,10.1016/j.epsl.2007.03.025,48.9988,13.2087,0-1,Yu2007,C. mundulus
50,349.1610673508955,65.38447436339027,414.5455417142857,19.13203179407403,105.2266579822095,2203.2567580065866,2078.898068230303,433.5,34.9028,2355.490582846193,2.50499,336.13100203170444,115.46075644084733,,,,0.03147420340470718,414.84470857142855,4335.0,1.0,7.917237266057767,2.50499,OMEX 14B,O,10.1016/j.epsl.2007.03.025,48.588,13.3395,0-1,Yu2007,C. mundulus
53,360.6113127680584,51.7298312319416,412.341144,25.46011054890112,84.26985294859816,2256.209546633969,2146.47958313647,373.1,34.7172,2367.2764082687704,1.15576,424.587774711837,129.9796806245049,130.38482741994514,129.57453382906468,,0.024117240027613923,412.63872,3731.0,2.0,7.850625808403559,1.15576,WIND 3B,R,10.1016/j.epsl.2007.03.025,-32.64416666666666,-48.494,core-top,Yu2007,C. mundulus
54,360.1116923005535,52.33990912801797,412.4516014285715,25.134255365124716,85.7853351044291,2259.3382002199514,2148.4186097503975,368.4,34.7265,2372.8694631609546,1.25637,420.79139359886733,122.11451323756148,124.49245656098459,119.73656991413839,,0.024379644291279694,412.7492571428572,3684.0,2.0,7.857583233160478,1.25637,WIND 5B,R,10.1016/j.epsl.2007.03.025,-31.569,-47.56916666666667,core-top,Yu2007,C. mundulus
55,363.88992981913265,48.58780132372468,412.4777311428573,27.781785430378644,81.23956270828018,2295.9744749594684,2186.9531268208093,352.0,34.72870000000001,2398.531327887022,1.57981,470.8852045453075,150.63,,,,0.02223315410566483,412.7754057142858,3520.0,1.0,7.825625711276832,1.57981,WIND 33B,"R,r",10.1016/j.epsl.2007.03.025,-11.211833333333333,-58.77066666666666,core-top,Yu2007,C. mundulus
1,350.929456554911,65.50930173080324,416.43875828571424,17.60980691225448,123.48907919359611,2139.4642361620045,1998.365350056154,115.0,35.0622,2311.9478454565806,5.49653,345.3908502445088,28.77641345612451,,,,0.03280510148327245,416.7392914285714,1150.0,1.0,8.047075299340415,5.49653,BOFS 17K,R,10.1016/j.epsl.2007.03.025,58.0,16.5,2-3,Yu2007,Uvigerina spp.
2,350.929456554911,65.50930173080324,416.43875828571424,17.60980691225448,123.48907919359611,2139.4642361620045,1998.365350056154,115.0,35.0622,2311.9478454565806,5.49653,345.3908502445088,30.82790449075955,,,,0.03280510148327245,416.7392914285714,1150.0,1.0,8.047075299340415,5.49653,BOFS 17K,O,10.1016/j.epsl.2007.03.025,58.0,16.5,2-3,Yu2007,Uvigerina spp.
3,354.5203689199712,59.542960794314574,414.06332971428577,20.660170591322068,102.47199342325781,2195.290713869511,2072.1585498549302,267.0,34.8622,2337.3695725089065,2.43077,361.88473041792747,25.412804677959805,,,,0.028755488532527983,414.3621485714286,2670.0,1.0,7.959750907863621,2.43077,PC174BX,R,10.1016/j.epsl.2007.03.025,-27.0155,3.8595,0-1,Yu2007,Uvigerina spp.
6,360.5177654807102,51.793685662147,412.31145114285715,25.658078766301546,82.6299282188758,2259.04836618901,2150.7603592038326,415.0,34.7147,2368.3273311796006,1.06382,426.3799933188614,11.700123695857979,,,,0.024098948825878184,412.60900571428573,4150.0,1.0,7.829897111120262,1.06382,WIND 6B,R,10.1016/j.epsl.2007.03.025,-31.273333333333333,-47.56433333333333,core-top,Yu2007,Uvigerina spp.
7,377.76486337529093,52.991790624709076,430.756654,25.463514323681398,118.15385470351744,2209.6606056090877,2066.0432365818892,15.1,36.2677,2357.6804697096727,19.5571,784.1460613148056,44.81865390353107,45.952181975704846,43.68512583135729,,0.025667436430332494,431.06752,151.0,2.0,7.794267252438259,19.5571,CD145 A150,R,10.1016/j.epsl.2007.03.025,23.277333333333335,-66.65716666666667,core-top,Yu2007,Uvigerina spp.
8,377.76486337529093,52.991790624709076,430.756654,25.463514323681398,118.15385470351744,2209.6606056090877,2066.0432365818892,15.1,36.2677,2357.6804697096727,19.5571,784.1460613148056,49.88279429110905,,,,0.025667436430332494,431.06752,151.0,1.0,7.794267252438259,19.5571,CD145 A150,O,10.1016/j.epsl.2007.03.025,23.277333333333335,-66.65716666666667,core-top,Yu2007,Uvigerina spp.
9,384.23315140334677,45.55670316808186,429.78985457142863,30.276091496892104,97.66601103381868,2243.2948127007307,2115.35271017002,29.9,36.1863,2357.760684852969,15.8233,836.9727682635217,36.01815671733742,,,,0.021551762999170637,430.1000228571429,299.0,1.0,7.759272920792897,15.8233,CD145 A300,R,10.1016/j.epsl.2007.03.025,23.212333333333333,-66.56783333333334,core-top,Yu2007,Uvigerina spp.
10,384.23315140334677,45.55670316808186,429.78985457142863,30.276091496892104,97.66601103381868,2243.2948127007307,2115.35271017002,29.9,36.1863,2357.760684852969,15.8233,836.9727682635217,36.82981606455151,,,,0.021551762999170637,430.1000228571429,299.0,1.0,7.759272920792897,15.8233,CD145 A300,O,10.1016/j.epsl.2007.03.025,23.212333333333333,-66.56783333333334,core-top,Yu2007,Uvigerina spp.
11,383.1204117739294,42.192947654642055,425.3133594285714,32.504026277904174,87.72486767224882,2255.5375068064604,2135.3086128563073,49.2,35.8094,2354.0910824428424,12.9453,821.2386810137234,24.566340222566936,,,,0.019773908542177678,425.6202971428571,492.0,1.0,7.754671641940426,12.9453,CD145 A500,O,10.1016/j.epsl.2007.03.025,23.139166666666668,-66.50266666666667,core-top,Yu2007,Uvigerina spp.
12,378.1206733284619,36.04955067153812,414.1702240000001,39.08129734151389,66.7203435402423,2356.718106945912,2250.916466064156,187.0,34.8712,2420.8556902570704,3.44281,710.8025757853944,13.875572040161442,,,,0.01602705708946177,414.46912000000003,1870.0,1.0,7.744006982035557,3.44281,CD145 A1800,R,10.1016/j.epsl.2007.03.025,22.855833333333333,-66.0015,core-top,Yu2007,Uvigerina spp.
13,365.89245749062104,46.6957310808076,412.58818857142865,29.785962820179137,81.55329090278893,2364.8181737001864,2253.478919977218,319.0,34.73800000000001,2463.7815652828604,1.70499,507.2861343079717,22.32382064740674,,,,0.020736573027090695,412.8859428571429,3190.0,1.0,7.8221480931531175,1.70499,CD145 A3200,R,10.1016/j.epsl.2007.03.025,19.9995,-65.584,core-top,Yu2007,Uvigerina spp.
14,361.9722926737834,50.634899326216726,412.6071920000001,25.75657808233463,85.47580928947276,2253.4536692845913,2142.2212819127835,303.6,34.7396,2364.353991766549,1.50097,435.2815541781888,21.462670651424652,,,,0.02365369145511718,412.9049600000001,3036.0,1.0,7.872803434671148,1.50097,E49-19,R,10.1016/j.epsl.2007.03.025,-43.52,-90.06,6-8,Yu2007,Uvigerina spp.
15,361.21496059813734,51.24970568757697,412.4646662857144,25.625641471642204,85.1638334037306,2260.3748297369293,2149.5853548615564,338.0,34.7276,2371.6978945170326,1.27016,429.24677062973075,21.943289091166527,,,,0.023858876395050046,412.7623314285715,3380.0,1.0,7.863301815684473,1.27016,E48-22,R,10.1016/j.epsl.2007.03.025,-39.54,-85.25,9-11,Yu2007,Uvigerina spp.
16,381.2682883314416,34.13834623998694,415.4066345714285,40.47281311571377,66.61843696845447,2307.743930369378,2200.6526802852095,100.0,34.9753,2368.598292670188,6.84252,831.8881724216022,38.176743719173516,,,,0.015524023083074889,415.70642285714285,1000.0,1.0,7.719215186918099,6.84252,MD77191,R,10.1016/j.epsl.2007.03.025,7.3,-76.43,18-19,Yu2007,Uvigerina spp.
1,351.0580972427837,63.985096757216326,415.043194,18.765332538737503,109.59606460111071,2166.7404509808084,2038.3790538409608,273.1,34.9447,2322.3650421100187,2.79752,333.38917035156123,33.71064679476143,33.42368248144454,33.99761110807833,,0.031412839057324254,415.34272,2731.0,2.0,7.98701206830753,2.79752,T90-2B,R,10.1016/j.epsl.2007.03.025,53.1,20.8,core-top,Yu2007,H. elegans
2,350.37971719240943,64.29172223616213,414.67143942857155,19.241861024158258,106.87721758580413,2200.6447992108688,2074.5257206009064,360.0,34.91340000000001,2353.3371115476116,2.51248,338.1766243307178,34.93950746481816,,,,0.031013411537823554,414.9706971428572,3600.0,1.0,7.947205566973908,2.51248,CD113A-SiteA,R,10.1016/j.epsl.2007.03.025,52.92,16.92,0-1,Yu2007,H. elegans
3,351.9265355963171,62.678391832254334,414.60492742857144,19.916957648418606,104.90505028789529,2212.7586793953824,2087.9366714590683,350.0,34.9078,2361.168708985431,2.47978,349.601974086161,32.330772191284126,33.78315280403062,30.878391578537638,,0.030040961525902805,414.90413714285717,3500.0,2.0,7.939998936359079,2.47978,BOFS 30K,R,10.1016/j.epsl.2007.03.025,19.75,20.73,5-6,Yu2007,H. elegans
4,352.644939167586,62.28423426098551,414.9291734285715,19.827343270826166,106.13877322971885,2201.3189952329594,2075.3528787324144,306.9,34.935100000000006,2350.6827534951485,2.74688,351.5735126700388,71.2,,,,0.030033053091790777,415.22861714285716,3069.0,1.0,7.955964359082402,2.74688,M12310-3,"R,r",10.1016/j.epsl.2007.03.025,23.3,18.43,0-1,Yu2007,H. elegans
7,381.2682883314416,34.13834623998694,415.4066345714285,40.47281311571377,66.61843696845447,2307.743930369378,2200.6526802852095,100.0,34.9753,2368.598292670188,6.84252,831.8881724216022,33.572654572560374,33.6769421345954,33.46836701052535,,0.015524023083074889,415.70642285714285,1000.0,2.0,7.719215186918099,6.84252,MD77191,R,10.1016/j.epsl.2007.03.025,7.3,-76.43,18-19,Yu2007,H. elegans
10,359.90139744957116,49.23885655042892,409.14025400000014,24.58881008730833,94.55263429237918,2182.2172235104194,2063.075779130732,78.1,34.447700000000005,2302.221611764607,5.38717,478.6660461103342,56.45203866387393,57.38150556047232,55.52257176727554,,0.02388394622506459,409.43552,781.0,2.0,7.93638159749111,5.38717,V24-166,R,10.1016/j.epsl.2007.03.025,-16.517,-150.8,9-10,Yu2007,H. elegans
