Type,metadata,metadata,seed,seed,seed,seed,seed,seed,seed,precipitate,precipitate,precipitate,precipitate,precipitate,precipitate,precipitate,solution_start,solution_start,solution_start,solution_start,solution_start,solution_end,solution_end,solution_end,solution_end,solution_end,solution_start,solution_end,solution_start,solution_end
Quantity,Batch,Experiment,Mg/Ca,Na/Ca,Sr/Ca,B/Ca,d13C,percent_vaterite,diameter,Mg/Ca,Na/Ca,Sr/Ca,B/Ca,d13C,percent_vaterite,diameter,Mg,Ca,Sr,B,Na,Mg,Ca,Sr,B,Na,C,d13C,pH_NBS,pH_NBS
Instrument,NA,NA,Agilent (10) / iCap (28),Agilent (10) / iCap (28),Agilent (10) / iCap (28),Agilent (10) / iCap (28),GS-IRMS,XRD,SEM,iCap,iCap,iCap,iCap,GS-IRMS,XRD,SEM,Agilent,Agilent,Agilent,Agilent,Agilent,Agilent,Agilent,Agilent,Agilent,Agilent,dissolution,GS-IRMS,electrode,electrode
Unit,NA,NA,mmol/mol,mmol/mol,mmol/mol,mmol/mol,permil,percent,μm,mmol/mol,mmol/mol,mmol/mol,mmol/mol,permil,percent,μm,mmol,mmol,mmol,mmol,mmol,mmol,mmol,mmol,mmol,mmol,mmol,permil,NA,NA
15,1,Control,0.0424,11.512,0.0526,0.0168,193.92,95.32,5,-0.0224,26.0077,0.0271,,108.01,79.47,5.57,-0.0014278,12.84523662,0.001013341,0.010101175,247.976348,0.000169724,10.8068663,0.000966068,0.001715326,237.159776,5,-2,8.213,7.461
16,1,Mg,0.0424,11.512,0.0526,0.0168,193.92,95.32,5,0.8879,11.3045,0.029,,116.33,80.31,5.6,1.026357086,12.20809623,0.000964042,0.045178703,224.830172,1.040242348,10.40532902,0.000940788,0.039237702,235.743321,5,-2.43,8.209,7.486
17,1,Mg,0.0424,11.512,0.0526,0.0168,193.92,95.32,5,1.7272,11.1567,0.0294,,114.12,80.99,5.59,2.06888593,10.70277736,0.000868844,-0.003059155,233.039178,2.041194828,10.4471377,0.000846042,0.011046946,229.208308,5,-3.12,8.193,7.479
18,1,Mg,0.0424,11.512,0.0526,0.0168,193.92,95.32,5,3.8458,8.2277,0.0318,,121.5,79.71,5.39,4.928337647,10.71226089,0.000888204,0.030233035,223.381524,5.099406607,10.47131859,0.000845972,0.021339058,227.985006,5,-4.12,8.2,7.523
19,1,Mg,0.0424,11.512,0.0526,0.0168,193.92,95.32,5,6.6334,8.6663,0.033,,136.93,79.71,5.19,9.428138389,11.58759378,0.001117838,0.012195611,213.820447,9.947284764,9.589236549,0.000764431,0.037020704,225.956898,5,-4.28,8.198,7.579
20,1,Mg,0.0424,11.512,0.0526,0.0168,193.92,95.32,5,8.1929,9.1229,0.0411,,145.95,80.5,5.26,21.60752946,11.67541624,0.000961575,0.00250006,245.368782,19.93292689,10.80429107,0.00092809,0.003392362,226.27882,5,-4.79,8.209,7.785
21,1,Mg,0.0424,11.512,0.0526,0.0168,193.92,95.32,5,6.5826,11.1489,0.0517,,142.36,70.82,5.39,49.24360293,8.826908539,0.000682277,0.023950237,223.735638,,,,,,5,-5.03,8.198,7.814
22,2,Sr,0.0424,11.512,0.0526,0.0168,193.92,95.32,5,0.0136,31.2431,0.0708,,120.59,67.27,5.49,0.004987639,10.73343935,0.012245097,0.019421255,280.329487,-0.005645101,9.609094253,0.01219222,0.032220514,279.78222,5,3.12,8.201,7.457
23,2,Sr,0.0424,11.512,0.0526,0.0168,193.92,95.32,5,-0.0199,7.4631,0.2239,,108.32,53.7,5.53,-0.007558896,10.18928573,0.048348764,0.039525246,267.130694,-0.008892404,10.87670077,0.051154144,0.051279938,279.170569,5,3.09,8.214,7.443
24,2,Sr,0.0424,11.512,0.0526,0.0168,193.92,95.32,5,-0.0206,7.571,0.4167,,111.92,61.5,5.27,-0.006580583,10.69317077,0.105561192,0.014339765,277.625344,-0.009220629,9.901056857,0.099280794,0.017687972,261.207334,5,2.09,8.214,7.439
25,2,Sr,0.0424,11.512,0.0526,0.0168,193.92,95.32,5,-0.0076,12.3327,0.5451,,116.83,60.2,5.21,-0.00617245,10.7750033,0.140126571,0.018496788,275.919159,-0.006829367,10.9942653,0.137133495,0.035741368,271.541023,5,2.18,8.217,7.467
26,2,Sr,0.0424,11.512,0.0526,0.0168,193.92,95.32,5,-0.0223,8.3644,0.8089,,107.02,52.7,5.22,-0.010803836,10.53549393,0.193024533,0.031357536,279.0418,0.090848468,12.50608702,0.177654958,0.021588511,255.219588,5,3.63,8.202,7.452
30,3,Mg+Sr,0.0449,16.3459,0.0637,-0.00005,181.44,94.79,4,2.0214,33.9671,0.1801,,142.62,74.52,4.27,1.99034518,9.954968432,0.046489161,0.000669651,265.102587,2.046202969,10.26770795,0.046498531,-0.012652658,275.79039,5,,8.213,7.51
31,3,Mg+Sr,0.0449,16.3459,0.0637,-0.00005,181.44,94.79,4,2.1832,34.5488,0.3515,,118.4,77.28,4.26,1.920716327,9.612836619,0.087155069,0.036739638,258.470998,1.985901523,9.158784469,0.089249314,0.049411972,267.291655,5,,8.205,7.522
32,3,Mg+Sr,0.0449,16.3459,0.0637,-0.00005,181.44,94.79,4,7.2817,29.24,0.1803,,132.67,84.92,4.12,10.14564981,10.32779546,0.048386221,0.049371893,265.488893,9.413720598,8.768942037,0.041606353,0.043094056,245.400974,5,,8.214,7.672
33,3,Mg+Sr,0.0449,16.3459,0.0637,-0.00005,181.44,94.79,4,7.3632,30.2607,0.3249,,129.32,81.24,4.05,9.932323392,10.23419545,0.090812354,-0.00206486,263.106672,9.401931932,9.434310396,0.084801969,0.052228428,249.811302,5,,8.214,7.678
35,3,Mg+Sr,0.0449,16.3459,0.0637,-0.00005,181.44,94.79,4,2.0596,24.3847,0.0698,,128.89,83.65,4.38,1.981442367,10.09860686,0.014070606,0.003424846,252.257908,1.986764194,9.224192024,0.014109091,0.031291746,254.253823,5,,8.215,7.473
36,3,Mg+Sr,0.0449,16.3459,0.0637,-0.00005,181.44,94.79,4,2.1346,16.9802,0.7406,,129.33,76.82,4.5,2.153977049,10.8761422,0.209947099,0.052036047,272.571172,2.112665327,11.68084271,0.208981469,0.002112127,267.774538,5,,8.204,7.435
37,3,Mg+Sr,0.0449,16.3459,0.0637,-0.00005,181.44,94.79,4,6.709,11.527,0.0883,,125.84,83.68,4.31,10.42803906,10.52549699,0.015018687,0.009269622,272.023905,10.24504886,10.32795939,0.014938331,0.034733414,266.32589,5,,8.198,7.611
38,3,Mg+Sr,0.0449,16.3459,0.0637,-0.00005,181.44,94.79,4,6.3152,11.3539,0.6276,,127.68,84.03,4.27,10.40895832,10.46022584,0.196492239,0.04171716,269.030033,10.32559089,10.27390727,0.196184807,0.036145529,265.649854,5,,8.221,7.655
39,3,Mg+Sr,0.0449,16.3459,0.0637,-0.00005,181.44,94.79,4,3.9405,11.8546,0.0739,,133.82,,4.37,5.176408482,10.41334854,0.015550714,0.03538097,267.420424,,,,,,5,,8.206,7.539
40,3,Mg+Sr,0.0449,16.3459,0.0637,-0.00005,181.44,94.79,4,4.0963,14.2993,0.1928,,133.56,82.13,4.46,4.636152793,10.43766919,0.048493275,0.025868847,239.606382,5.112273264,10.18604625,0.053171262,0.03716867,264.040245,5,,8.213,7.539
41,3,Mg+Sr,0.0449,16.3459,0.0637,-0.00005,181.44,94.79,4,4.1113,14.3434,0.3146,,117.54,80.73,4.32,4.760201896,9.668475323,0.089309026,0.041704917,244.885899,4.885865617,9.734701324,0.091874438,0.041600484,249.167459,5,,8.215,7.544
42,3,Mg+Sr,0.0449,16.3459,0.0637,-0.00005,181.44,94.79,4,4.1598,14.3904,0.6939,,123.96,95.77,4.41,5.248600903,10.70589954,0.206222149,0.030778901,270.929371,5.112305646,10.21353002,0.19952256,0.047099105,264.072437,5,,8.205,7.53
43,4,B,0.0449,16.3459,0.0637,-0.00005,181.44,94.79,4,0.0394,35.6003,0.0409,0.0913,124.8,79.88,4.19,0.005768786,10.55892483,0.001104391,0.125262935,292.948821,-0.003791963,10.5028523,0.001011207,0.119740215,284.611047,5,,8.196,7.476
44,4,B,0.0449,16.3459,0.0637,-0.00005,181.44,94.79,4,0.0306,38.0547,0.0401,0.188,123.05,79.74,4.32,-0.001029251,9.712493638,0.00096236,0.219012341,278.848647,-0.007365443,10.04926266,0.000856338,0.221590158,283.967203,5,,8.196,7.478
45,4,B,0.0449,16.3459,0.0637,-0.00005,181.44,94.79,4,0.0293,19.7428,0.0414,0.1929,122.75,79.6,4.5,0.033746821,9.883059066,0.001070908,0.308256088,271.34787,-0.004391585,9.554970068,0.00085374,0.280152141,262.269675,5,,8.201,7.48
46,4,B,0.0449,16.3459,0.0637,-0.00005,181.44,94.79,4,0.0296,37.9275,0.0413,0.3201,124.46,77.32,4.51,-0.00935992,9.039596865,0.000757421,0.39559219,255.992201,-0.009103699,9.710088393,0.000734233,0.353387256,261.658024,5,,8.194,7.501
47,4,B,0.0449,16.3459,0.0637,-0.00005,181.44,94.79,4,0.0271,36.4518,0.0408,0.4026,121.93,82.22,4.7,-0.006713278,9.484496159,0.000812583,0.514907476,266.358082,-0.00503115,9.930928213,0.000856835,0.516385354,275.726006,5,,8.205,7.491
