Type,calcite,calcite,calcite,calcite,derived,metadata,metadata,overgrowth,overgrowth,overgrowth,overgrowth,overgrowth,overgrowth,overgrowth,overgrowth,overgrowth,precipitate,precipitate,precipitate,precipitate,precipitate,precipitate,precipitate,precipitate,seed,seed,seed,seed,seed,seed,seed,solution_end,solution_end,solution_end,solution_end,solution_end,solution_end,solution_end,solution_end,solution_end,solution_end,solution_start,solution_start,solution_start,solution_start,solution_start,solution_start,solution_start,solution_start,solution_start,solution_start,solution_start,vaterite,vaterite,vaterite,vaterite,vaterite,vaterite,vaterite,vaterite
Quantity,B/Ca,Mg/Ca,Na/Ca,Sr/Ca,f,Batch,Experiment,B/Ca,D_B,D_Mg,D_Na,D_Sr,F_V,Mg/Ca,Na/Ca,Sr/Ca,B/Ca,Mg/Ca,Na/Ca,Sr/Ca,d13C,diameter,fraction_vaterite,percent_vaterite,B/Ca,Mg/Ca,Na/Ca,Sr/Ca,d13C,diameter,percent_vaterite,B,Ca,Mg,Mg/Ca,Na,Na/Ca,Sr,Sr/Ca,d13C,pH_NBS,B,B/C,C,Ca,Mg,Mg/Ca,Na,Na/Ca,Sr,Sr/Ca,pH_NBS,B/Ca,D_B,D_Mg,D_Na,D_Sr,Mg/Ca,Na/Ca,Sr/Ca
Instrument,calc,calc,calc,calc,calc,NA,NA,calc,calc,calc,calc,calc,calc,calc,calc,calc,iCap,iCap,iCap,iCap,GS-IRMS,SEM,XRD,XRD,Agilent (10) / iCap (28),Agilent (10) / iCap (28),Agilent (10) / iCap (28),Agilent (10) / iCap (28),GS-IRMS,SEM,XRD,Agilent,Agilent,Agilent,calc,Agilent,calc,Agilent,calc,GS-IRMS,electrode,Agilent,calc,dissolution,Agilent,Agilent,calc,Agilent,calc,Agilent,calc,electrode,calc,calc,calc,calc,calc,calc,calc,calc
Unit,,,,,fractional_abundance,NA,NA,mol/mol,,,,,fractional_abundance,mol/mol,mol/mol,mol/mol,mmol/mol,mmol/mol,mmol/mol,mmol/mol,permil,μm,mass_fraction,percent,mmol/mol,mmol/mol,mmol/mol,mmol/mol,permil,μm,percent,mmol,mmol,mmol,mol/mol,mmol,mol/mol,mmol,mol/mol,permil,Unnamed: 30_level_3,mmol,mol/mol,mmol,mmol,mmol,mol/mol,mmol,mol/mol,mmol,mol/mol,Unnamed: 29_level_3,mol/mol,,,,,mol/mol,mol/mol,mol/mol
15,(2.0+/-1.0)e-06,(-1.6+/-3.3)e-06,(1.9+/-1.0)e-06,(5.5+/-2.4)e-06,0.435+/-0.006,1,Control,nan+/-nan,nan+/-nan,0.96+/-0.08,2.32+/-0.23,-0.08+/-0.06,0.554+/-0.008,-0.000107+/-0.000004,0.0449+/-0.0031,(-6+/-5)e-06,nan+/-nan,-0.0224+/-0.0011,26.0+/-1.3,0.0271+/-0.0014,108.0+/-1.0,5.57,0.7797+/-0.0024,79.47,0.0168+/-0.0008,0.0424+/-0.0021,11.5+/-0.6,0.0526+/-0.0026,193.9+/-1.0,5,95.32,0.00172+/-0.00009,10.8+/-0.5,0.000170+/-0.000008,(1.57+/-0.11)e-05,0.237+/-0.012,0.0219+/-0.0016,0.00097+/-0.00005,(8.9+/-0.6)e-05,-2.0+/-1.0,7.461,0.0101+/-0.0005,0.00202+/-0.00010,5,12.8+/-0.6,-0.00143+/-0.00007,-0.000111+/-0.000008,0.248+/-0.012,0.0193+/-0.0014,0.00101+/-0.00005,(7.9+/-0.6)e-05,8.213,nan+/-nan,nan+/-nan,1.72+/-0.15,4.2+/-0.4,-0.19+/-0.11,-0.000191+/-0.000010,0.081+/-0.006,(-1.5+/-0.9)e-05
16,(9+/-5)e-06,0.0012+/-0.0025,(1.8+/-0.9)e-06,(5.5+/-2.4)e-06,0.393+/-0.006,1,Mg,nan+/-nan,nan+/-nan,0.0261+/-0.0023,0.60+/-0.10,-0.10+/-0.07,0.559+/-0.009,0.00220+/-0.00012,0.0110+/-0.0017,(-8+/-6)e-06,nan+/-nan,0.89+/-0.04,11.3+/-0.6,0.0290+/-0.0015,116.3+/-1.0,5.6,0.7985+/-0.0023,80.31,0.0168+/-0.0008,0.0424+/-0.0021,11.5+/-0.6,0.0526+/-0.0026,193.9+/-1.0,5,95.32,0.0392+/-0.0020,10.4+/-0.5,1.04+/-0.05,0.100+/-0.007,0.236+/-0.012,0.0227+/-0.0016,0.00094+/-0.00005,(9.0+/-0.6)e-05,-2.4+/-1.0,7.486,0.0452+/-0.0023,0.0090+/-0.0005,5,12.2+/-0.6,1.03+/-0.05,0.084+/-0.006,0.225+/-0.011,0.0184+/-0.0013,0.00096+/-0.00005,(7.9+/-0.6)e-05,8.209,nan+/-nan,nan+/-nan,0.036+/-0.024,1.07+/-0.18,-0.23+/-0.13,0.0030+/-0.0020,0.0196+/-0.0030,(-1.8+/-1.0)e-05
17,(3.7+/-1.9)e-06,0.003+/-0.006,(2.2+/-1.1)e-06,(5.7+/-2.5)e-06,0.404+/-0.006,1,Mg,nan+/-nan,nan+/-nan,0.0218+/-0.0019,0.49+/-0.08,-0.06+/-0.07,0.592+/-0.008,0.00421+/-0.00022,0.0106+/-0.0016,(-5+/-5)e-06,nan+/-nan,1.73+/-0.09,11.2+/-0.6,0.0294+/-0.0015,114.1+/-1.0,5.59,0.8073+/-0.0022,80.99,0.0168+/-0.0008,0.0424+/-0.0021,11.5+/-0.6,0.0526+/-0.0026,193.9+/-1.0,5,95.32,0.0110+/-0.0006,10.4+/-0.5,2.04+/-0.10,0.195+/-0.014,0.229+/-0.011,0.0219+/-0.0016,0.00085+/-0.00004,(8.1+/-0.6)e-05,-3.1+/-1.0,7.479,0.0185+/-0.0009,0.00370+/-0.00018,5,10.7+/-0.5,2.07+/-0.10,0.193+/-0.014,0.233+/-0.012,0.0218+/-0.0015,0.00087+/-0.00004,(8.1+/-0.6)e-05,8.193,nan+/-nan,nan+/-nan,0.027+/-0.021,0.82+/-0.14,-0.15+/-0.11,0.005+/-0.004,0.0180+/-0.0027,(-1.2+/-0.9)e-05
18,(6.0+/-3.0)e-06,0.006+/-0.014,(2.1+/-1.1)e-06,(5.8+/-2.5)e-06,0.366+/-0.006,1,Mg,nan+/-nan,nan+/-nan,0.0226+/-0.0020,0.12+/-0.07,-0.05+/-0.08,0.521+/-0.010,0.0104+/-0.0006,0.0026+/-0.0015,(-4+/-6)e-06,nan+/-nan,3.85+/-0.19,8.2+/-0.4,0.0318+/-0.0016,121.5+/-1.0,5.39,0.7947+/-0.0023,79.71,0.0168+/-0.0008,0.0424+/-0.0021,11.5+/-0.6,0.0526+/-0.0026,193.9+/-1.0,5,95.32,0.0213+/-0.0011,10.5+/-0.5,5.10+/-0.25,0.487+/-0.034,0.228+/-0.011,0.0218+/-0.0015,0.00085+/-0.00004,(8.1+/-0.6)e-05,-4.1+/-1.0,7.523,0.0302+/-0.0015,0.00605+/-0.00030,5,10.7+/-0.5,4.93+/-0.25,0.460+/-0.033,0.223+/-0.011,0.0209+/-0.0015,0.00089+/-0.00004,(8.3+/-0.6)e-05,8.2,nan+/-nan,nan+/-nan,0.031+/-0.028,0.23+/-0.14,-0.16+/-0.15,0.014+/-0.013,0.0049+/-0.0029,(-1.3+/-1.2)e-05
19,(2.4+/-1.2)e-06,0.011+/-0.024,(1.8+/-0.9)e-06,(6.8+/-2.9)e-06,0.288+/-0.006,1,Mg,nan+/-nan,nan+/-nan,0.0281+/-0.0025,0.09+/-0.11,-0.16+/-0.09,0.285+/-0.017,0.0229+/-0.0013,0.0016+/-0.0021,(-1.5+/-0.9)e-05,nan+/-nan,6.63+/-0.33,8.7+/-0.4,0.0330+/-0.0017,136.9+/-1.0,5.19,0.7604+/-0.0026,79.71,0.0168+/-0.0008,0.0424+/-0.0021,11.5+/-0.6,0.0526+/-0.0026,193.9+/-1.0,5,95.32,0.0370+/-0.0019,9.6+/-0.5,9.9+/-0.5,1.04+/-0.07,0.226+/-0.011,0.0236+/-0.0017,0.00076+/-0.00004,(8.0+/-0.6)e-05,-4.3+/-1.0,7.579,0.0122+/-0.0006,0.00244+/-0.00012,5,11.6+/-0.6,9.4+/-0.5,0.81+/-0.06,0.214+/-0.011,0.0185+/-0.0013,0.00112+/-0.00006,(9.6+/-0.7)e-05,8.198,nan+/-nan,nan+/-nan,0.06+/-0.08,0.3+/-0.4,-0.74+/-0.34,0.05+/-0.06,0.006+/-0.007,(-7.1+/-3.3)e-05
20,(5.0+/-2.5)e-07,0.03+/-0.06,(2.1+/-1.1)e-06,(5.8+/-2.5)e-06,0.243+/-0.006,1,Mg,nan+/-nan,nan+/-nan,0.0182+/-0.0016,0.08+/-0.12,0.06+/-0.14,0.543+/-0.013,0.0336+/-0.0019,0.0017+/-0.0026,(0.5+/-1.2)e-05,nan+/-nan,8.2+/-0.4,9.1+/-0.5,0.0411+/-0.0021,145.9+/-1.0,5.26,0.8537+/-0.0018,80.5,0.0168+/-0.0008,0.0424+/-0.0021,11.5+/-0.6,0.0526+/-0.0026,193.9+/-1.0,5,95.32,0.00339+/-0.00017,10.8+/-0.5,19.9+/-1.0,1.84+/-0.13,0.226+/-0.011,0.0209+/-0.0015,0.00093+/-0.00005,(8.6+/-0.6)e-05,-4.8+/-1.0,7.785,0.00250+/-0.00013,0.000500+/-0.000025,5,11.7+/-0.6,21.6+/-1.1,1.85+/-0.13,0.245+/-0.012,0.0210+/-0.0015,0.00096+/-0.00005,(8.2+/-0.6)e-05,8.209,nan+/-nan,nan+/-nan,0.022+/-0.025,0.15+/-0.23,0.06+/-0.27,0.04+/-0.05,0.003+/-0.005,(0.5+/-2.2)e-05
21,(4.8+/-2.4)e-06,0.08+/-0.17,(2.5+/-1.3)e-06,(5.4+/-2.4)e-06,0.261+/-0.006,1,Mg,nan+/-nan,nan+/-nan,0.0045+/-0.0004,0.40+/-0.11,0.64+/-0.17,0.9041+/-0.0033,0.0251+/-0.0014,0.0101+/-0.0027,(4.9+/-1.2)e-05,nan+/-nan,6.58+/-0.33,11.1+/-0.6,0.0517+/-0.0026,142.4+/-1.0,5.39,0.9404+/-0.0008,70.82,0.0168+/-0.0008,0.0424+/-0.0021,11.5+/-0.6,0.0526+/-0.0026,193.9+/-1.0,5,95.32,nan+/-nan,nan+/-nan,nan+/-nan,nan+/-nan,nan+/-nan,nan+/-nan,nan+/-nan,nan+/-nan,-5.0+/-1.0,7.814,0.0240+/-0.0012,0.00479+/-0.00024,5,8.8+/-0.4,49.2+/-2.5,5.6+/-0.4,0.224+/-0.011,0.0253+/-0.0018,0.000682+/-0.000034,(7.7+/-0.5)e-05,8.198,nan+/-nan,nan+/-nan,0.0035+/-0.0032,0.44+/-0.12,0.70+/-0.18,0.019+/-0.018,0.0112+/-0.0030,(5.4+/-1.4)e-05
22,(3.9+/-2.0)e-06,(0.7+/-1.4)e-05,(2.6+/-1.3)e-06,(8.0+/-3.5)e-05,0.371+/-0.006,2,Sr,nan+/-nan,nan+/-nan,-0.076+/-0.011,2.48+/-0.24,0.089+/-0.011,0.159+/-0.016,(-3.5+/-0.4)e-05,0.065+/-0.004,0.000102+/-0.000011,nan+/-nan,0.0136+/-0.0007,31.2+/-1.6,0.0708+/-0.0035,120.6+/-1.0,5.49,0.6585+/-0.0032,67.27,0.0168+/-0.0008,0.0424+/-0.0021,11.5+/-0.6,0.0526+/-0.0026,193.9+/-1.0,5,95.32,0.0322+/-0.0016,9.6+/-0.5,0.0121+/-0.0006,0.00125+/-0.00009,0.280+/-0.014,0.0291+/-0.0021,0.0122+/-0.0006,0.00127+/-0.00009,3.1+/-1.0,7.457,0.0194+/-0.0010,0.00388+/-0.00019,5,10.7+/-0.5,0.00499+/-0.00025,0.000465+/-0.000033,0.280+/-0.014,0.0261+/-0.0018,0.0122+/-0.0006,0.00114+/-0.00008,8.201,nan+/-nan,nan+/-nan,-0.55+/-0.19,15.6+/-2.3,0.19+/-0.17,-0.00026+/-0.00009,0.41+/-0.05,0.00022+/-0.00020
23,(8+/-4)e-06,(-0.7+/-1.5)e-05,(2.6+/-1.3)e-06,0.00033+/-0.00014,0.433+/-0.006,2,Sr,nan+/-nan,nan+/-nan,0.159+/-0.013,0.08+/-0.04,0.094+/-0.009,-0.138+/-0.018,(-8.2+/-0.4)e-05,0.0022+/-0.0012,0.000448+/-0.000027,nan+/-nan,-0.0114+/-0.0006,7.5+/-0.4,0.224+/-0.011,108.3+/-1.0,5.53,0.4804+/-0.0035,53.7,0.0168+/-0.0008,0.0424+/-0.0021,11.5+/-0.6,0.0526+/-0.0026,193.9+/-1.0,5,95.32,0.0513+/-0.0026,10.9+/-0.5,0.0121+/-0.0006,0.00111+/-0.00008,0.279+/-0.014,0.0257+/-0.0018,0.0512+/-0.0026,0.00470+/-0.00033,3.1+/-1.0,7.443,0.0395+/-0.0020,0.0079+/-0.0004,5,10.2+/-0.5,-0.00523+/-0.00026,-0.00051+/-0.00004,0.267+/-0.013,0.0262+/-0.0019,0.0483+/-0.0024,0.00475+/-0.00034,8.214,nan+/-nan,nan+/-nan,-1.04+/-0.29,-0.60+/-0.34,-0.11+/-0.26,0.00053+/-0.00014,-0.016+/-0.009,-0.0005+/-0.0012
24,(2.9+/-1.4)e-06,(-0.7+/-1.5)e-05,(2.6+/-1.3)e-06,0.00069+/-0.00030,0.415+/-0.006,2,Sr,nan+/-nan,nan+/-nan,0.178+/-0.015,0.08+/-0.05,0.094+/-0.008,0.185+/-0.014,(-8.7+/-0.4)e-05,0.0020+/-0.0012,0.00093+/-0.00005,nan+/-nan,-0.0114+/-0.0006,7.6+/-0.4,0.417+/-0.021,111.9+/-1.0,5.27,0.6344+/-0.0033,61.5,0.0168+/-0.0008,0.0424+/-0.0021,11.5+/-0.6,0.0526+/-0.0026,193.9+/-1.0,5,95.32,0.0177+/-0.0009,9.9+/-0.5,0.0121+/-0.0006,0.00122+/-0.00009,0.261+/-0.013,0.0264+/-0.0019,0.099+/-0.005,0.0100+/-0.0007,2.1+/-1.0,7.439,0.0143+/-0.0007,0.00287+/-0.00014,5,10.7+/-0.5,-0.00523+/-0.00026,-0.000489+/-0.000035,0.278+/-0.014,0.0260+/-0.0018,0.106+/-0.005,0.0099+/-0.0007,8.214,nan+/-nan,nan+/-nan,0.90+/-0.18,0.42+/-0.26,0.20+/-0.14,-0.00044+/-0.00008,0.011+/-0.007,0.0020+/-0.0014
25,(3.7+/-1.9)e-06,(-0.7+/-1.5)e-05,(2.6+/-1.3)e-06,0.0009+/-0.0004,0.390+/-0.006,2,Sr,nan+/-nan,nan+/-nan,0.197+/-0.016,0.53+/-0.08,0.101+/-0.009,0.041+/-0.017,(-9.5+/-0.4)e-05,0.0136+/-0.0018,0.00132+/-0.00007,nan+/-nan,-0.0114+/-0.0006,12.3+/-0.6,0.545+/-0.027,116.8+/-1.0,5.21,0.5972+/-0.0034,60.2,0.0168+/-0.0008,0.0424+/-0.0021,11.5+/-0.6,0.0526+/-0.0026,193.9+/-1.0,5,95.32,0.0357+/-0.0018,11.0+/-0.5,0.0121+/-0.0006,0.00110+/-0.00008,0.272+/-0.014,0.0247+/-0.0017,0.137+/-0.007,0.0125+/-0.0009,2.2+/-1.0,7.467,0.0185+/-0.0009,0.00370+/-0.00018,5,10.8+/-0.5,-0.00523+/-0.00026,-0.000485+/-0.000034,0.276+/-0.014,0.0256+/-0.0018,0.140+/-0.007,0.0130+/-0.0009,8.217,nan+/-nan,nan+/-nan,4.5+/-2.1,13+/-6,0.8+/-0.8,-0.0022+/-0.0010,0.33+/-0.15,0.011+/-0.011
26,(6.3+/-3.2)e-06,(-0.7+/-1.5)e-05,(2.6+/-1.3)e-06,0.0013+/-0.0006,0.440+/-0.006,2,Sr,nan+/-nan,nan+/-nan,0.161+/-0.013,0.16+/-0.05,0.097+/-0.009,0.035+/-0.015,(-7.98+/-0.35)e-05,0.0044+/-0.0012,0.00177+/-0.00010,nan+/-nan,-0.0114+/-0.0006,8.4+/-0.4,0.81+/-0.04,107.0+/-1.0,5.22,0.5492+/-0.0035,52.7,0.0168+/-0.0008,0.0424+/-0.0021,11.5+/-0.6,0.0526+/-0.0026,193.9+/-1.0,5,95.32,0.0216+/-0.0011,12.5+/-0.6,0.091+/-0.005,0.0073+/-0.0005,0.255+/-0.013,0.0204+/-0.0014,0.178+/-0.009,0.0142+/-0.0010,3.6+/-1.0,7.452,0.0314+/-0.0016,0.00627+/-0.00031,5,10.5+/-0.5,-0.00523+/-0.00026,-0.000496+/-0.000035,0.279+/-0.014,0.0265+/-0.0019,0.193+/-0.010,0.0183+/-0.0013,8.202,nan+/-nan,nan+/-nan,4.3+/-2.2,4.8+/-2.4,0.8+/-1.0,-0.0021+/-0.0011,0.13+/-0.06,0.015+/-0.017
30,(1.3+/-0.7)e-07,0.003+/-0.006,(2.7+/-1.3)e-06,0.00033+/-0.00014,0.210+/-0.007,3,Mg+Sr,nan+/-nan,nan+/-nan,0.047+/-0.004,3.8+/-0.4,0.133+/-0.014,0.100+/-0.031,0.0095+/-0.0006,0.100+/-0.009,0.00062+/-0.00005,nan+/-nan,2.02+/-0.10,34.0+/-1.7,0.180+/-0.009,142.6+/-1.0,4.27,0.7700+/-0.0025,74.52,(-5.00+/-0.25)e-05,0.0449+/-0.0022,16.3+/-0.8,0.0637+/-0.0032,181.4+/-1.0,4,94.79,0.0329+/-0.0016,10.3+/-0.5,2.05+/-0.10,0.199+/-0.014,0.276+/-0.014,0.0269+/-0.0019,0.0465+/-0.0023,0.00453+/-0.00032,nan+/-1.0,7.51,0.000670+/-0.000033,0.000134+/-0.000007,5,10.0+/-0.5,1.99+/-0.10,0.200+/-0.014,0.265+/-0.013,0.0266+/-0.0019,0.0465+/-0.0023,0.00467+/-0.00033,8.213,nan+/-nan,nan+/-nan,0.35+/-0.30,38+/-13,0.7+/-0.4,0.07+/-0.06,1.01+/-0.35,0.0033+/-0.0017
31,(7+/-4)e-06,0.003+/-0.006,(2.7+/-1.4)e-06,0.00063+/-0.00028,0.341+/-0.007,3,Mg+Sr,nan+/-nan,nan+/-nan,0.0317+/-0.0028,2.60+/-0.27,0.100+/-0.009,0.379+/-0.014,0.00632+/-0.00034,0.070+/-0.005,0.00091+/-0.00005,nan+/-nan,2.18+/-0.11,34.5+/-1.7,0.351+/-0.018,118.4+/-1.0,4.26,0.7541+/-0.0026,77.28,(-5.00+/-0.25)e-05,0.0449+/-0.0022,16.3+/-0.8,0.0637+/-0.0032,181.4+/-1.0,4,94.79,0.0494+/-0.0025,9.2+/-0.5,1.99+/-0.10,0.217+/-0.015,0.267+/-0.013,0.0292+/-0.0021,0.089+/-0.004,0.0097+/-0.0007,nan+/-1.0,7.522,0.0367+/-0.0018,0.0073+/-0.0004,5,9.6+/-0.5,1.92+/-0.10,0.200+/-0.014,0.258+/-0.013,0.0269+/-0.0019,0.087+/-0.004,0.0091+/-0.0006,8.205,nan+/-nan,nan+/-nan,0.06+/-0.05,6.9+/-0.8,0.15+/-0.06,0.012+/-0.010,0.184+/-0.017,0.0014+/-0.0005
32,(1.0+/-0.5)e-05,0.014+/-0.029,(2.6+/-1.3)e-06,0.00033+/-0.00014,0.263+/-0.007,3,Mg+Sr,nan+/-nan,nan+/-nan,0.0280+/-0.0025,2.54+/-0.30,0.108+/-0.011,0.446+/-0.015,0.0275+/-0.0016,0.065+/-0.006,0.00051+/-0.00004,nan+/-nan,7.3+/-0.4,29.2+/-1.5,0.180+/-0.009,132.7+/-1.0,4.12,0.8157+/-0.0021,84.92,(-5.00+/-0.25)e-05,0.0449+/-0.0022,16.3+/-0.8,0.0637+/-0.0032,181.4+/-1.0,4,94.79,0.0431+/-0.0022,8.8+/-0.4,9.4+/-0.5,1.07+/-0.08,0.245+/-0.012,0.0280+/-0.0020,0.0416+/-0.0021,0.00474+/-0.00034,nan+/-1.0,7.672,0.0494+/-0.0025,0.0099+/-0.0005,5,10.3+/-0.5,10.1+/-0.5,0.98+/-0.07,0.265+/-0.013,0.0257+/-0.0018,0.0484+/-0.0024,0.00469+/-0.00033,8.214,nan+/-nan,nan+/-nan,0.05+/-0.04,5.7+/-0.7,0.16+/-0.05,0.04+/-0.04,0.146+/-0.015,0.00073+/-0.00020
33,(5.4+/-2.7)e-06,0.014+/-0.029,(2.6+/-1.3)e-06,0.00062+/-0.00027,0.282+/-0.007,3,Mg+Sr,nan+/-nan,nan+/-nan,0.0268+/-0.0024,2.56+/-0.29,0.112+/-0.011,0.443+/-0.015,0.0260+/-0.0015,0.066+/-0.006,0.00099+/-0.00006,nan+/-nan,7.4+/-0.4,30.3+/-1.5,0.325+/-0.016,129.3+/-1.0,4.05,0.8058+/-0.0022,81.24,(-5.00+/-0.25)e-05,0.0449+/-0.0022,16.3+/-0.8,0.0637+/-0.0032,181.4+/-1.0,4,94.79,0.0522+/-0.0026,9.4+/-0.5,9.4+/-0.5,1.00+/-0.07,0.250+/-0.012,0.0265+/-0.0019,0.085+/-0.004,0.0090+/-0.0006,nan+/-1.0,7.678,0.0271+/-0.0014,0.00541+/-0.00027,5,10.2+/-0.5,9.9+/-0.5,0.97+/-0.07,0.263+/-0.013,0.0257+/-0.0018,0.091+/-0.005,0.0089+/-0.0006,8.214,nan+/-nan,nan+/-nan,0.04+/-0.04,5.8+/-0.7,0.16+/-0.05,0.04+/-0.04,0.148+/-0.015,0.0015+/-0.0004
35,(6.8+/-3.4)e-07,0.003+/-0.006,(2.5+/-1.3)e-06,0.00010+/-0.00004,0.284+/-0.007,3,Mg+Sr,nan+/-nan,nan+/-nan,0.0364+/-0.0033,1.79+/-0.23,0.061+/-0.011,0.557+/-0.012,0.0071+/-0.0004,0.045+/-0.005,(8.5+/-1.5)e-05,nan+/-nan,2.06+/-0.10,24.4+/-1.2,0.0698+/-0.0035,128.9+/-1.0,4.38,0.8369+/-0.0019,83.65,(-5.00+/-0.25)e-05,0.0449+/-0.0022,16.3+/-0.8,0.0637+/-0.0032,181.4+/-1.0,4,94.79,0.0313+/-0.0016,9.2+/-0.5,1.99+/-0.10,0.215+/-0.015,0.254+/-0.013,0.0276+/-0.0019,0.0141+/-0.0007,0.00153+/-0.00011,nan+/-1.0,7.473,0.00342+/-0.00017,0.000685+/-0.000034,5,10.1+/-0.5,1.98+/-0.10,0.196+/-0.014,0.252+/-0.013,0.0250+/-0.0018,0.0141+/-0.0007,0.00139+/-0.00010,8.215,nan+/-nan,nan+/-nan,0.054+/-0.025,3.2+/-0.4,0.054+/-0.031,0.011+/-0.005,0.080+/-0.009,(8+/-4)e-05
36,(1.0+/-0.5)e-05,0.003+/-0.006,(2.5+/-1.3)e-06,0.0014+/-0.0006,0.281+/-0.007,3,Mg+Sr,nan+/-nan,nan+/-nan,0.0377+/-0.0034,0.74+/-0.16,0.128+/-0.012,0.303+/-0.018,0.0075+/-0.0004,0.019+/-0.004,0.00247+/-0.00014,nan+/-nan,2.13+/-0.11,17.0+/-0.8,0.74+/-0.04,129.3+/-1.0,4.5,0.7665+/-0.0025,76.82,(-5.00+/-0.25)e-05,0.0449+/-0.0022,16.3+/-0.8,0.0637+/-0.0032,181.4+/-1.0,4,94.79,0.00211+/-0.00011,11.7+/-0.6,2.11+/-0.11,0.181+/-0.013,0.268+/-0.013,0.0229+/-0.0016,0.209+/-0.010,0.0179+/-0.0013,nan+/-1.0,7.435,0.0520+/-0.0026,0.0104+/-0.0005,5,10.9+/-0.5,2.15+/-0.11,0.198+/-0.014,0.273+/-0.014,0.0251+/-0.0018,0.210+/-0.010,0.0193+/-0.0014,8.204,nan+/-nan,nan+/-nan,0.09+/-0.07,2.4+/-0.5,0.26+/-0.08,0.018+/-0.014,0.061+/-0.013,0.0050+/-0.0015
37,(1.9+/-0.9)e-06,0.014+/-0.030,(2.6+/-1.3)e-06,0.00010+/-0.00004,0.300+/-0.007,3,Mg+Sr,nan+/-nan,nan+/-nan,0.0224+/-0.0020,0.01+/-0.11,0.102+/-0.014,0.529+/-0.012,0.0222+/-0.0012,0.0003+/-0.0027,0.000146+/-0.000017,nan+/-nan,6.71+/-0.34,11.5+/-0.6,0.088+/-0.004,125.8+/-1.0,4.31,0.8219+/-0.0021,83.68,(-5.00+/-0.25)e-05,0.0449+/-0.0022,16.3+/-0.8,0.0637+/-0.0032,181.4+/-1.0,4,94.79,0.0347+/-0.0017,10.3+/-0.5,10.2+/-0.5,0.99+/-0.07,0.266+/-0.013,0.0258+/-0.0018,0.0149+/-0.0007,0.00145+/-0.00010,nan+/-1.0,7.611,0.0093+/-0.0005,0.00185+/-0.00009,5,10.5+/-0.5,10.4+/-0.5,0.99+/-0.07,0.272+/-0.014,0.0258+/-0.0018,0.0150+/-0.0008,0.00143+/-0.00010,8.198,nan+/-nan,nan+/-nan,0.030+/-0.027,0.02+/-0.20,0.13+/-0.04,0.030+/-0.027,0.001+/-0.005,0.00019+/-0.00005
38,(8+/-4)e-06,0.014+/-0.030,(2.6+/-1.3)e-06,0.0013+/-0.0006,0.290+/-0.007,3,Mg+Sr,nan+/-nan,nan+/-nan,0.0217+/-0.0020,-0.03+/-0.11,0.107+/-0.010,0.566+/-0.011,0.0216+/-0.0012,-0.0008+/-0.0028,0.00201+/-0.00012,nan+/-nan,6.32+/-0.32,11.4+/-0.6,0.628+/-0.031,127.7+/-1.0,4.27,0.8369+/-0.0019,84.03,(-5.00+/-0.25)e-05,0.0449+/-0.0022,16.3+/-0.8,0.0637+/-0.0032,181.4+/-1.0,4,94.79,0.0361+/-0.0018,10.3+/-0.5,10.3+/-0.5,1.01+/-0.07,0.266+/-0.013,0.0259+/-0.0018,0.196+/-0.010,0.0191+/-0.0014,nan+/-1.0,7.655,0.0417+/-0.0021,0.0083+/-0.0004,5,10.5+/-0.5,10.4+/-0.5,1.00+/-0.07,0.269+/-0.013,0.0257+/-0.0018,0.196+/-0.010,0.0188+/-0.0013,8.221,nan+/-nan,nan+/-nan,0.028+/-0.023,-0.06+/-0.19,0.135+/-0.029,0.028+/-0.023,-0.001+/-0.005,0.0025+/-0.0005
39,(7+/-4)e-06,0.007+/-0.015,(2.6+/-1.3)e-06,0.00010+/-0.00005,0.257+/-0.007,3,Mg+Sr,nan+/-nan,nan+/-nan,0.0306+/-0.0028,-0.04+/-0.13,0.069+/-0.012,0.524+/-0.014,0.0152+/-0.0009,-0.0011+/-0.0033,0.000103+/-0.000017,nan+/-nan,3.94+/-0.20,11.9+/-0.6,0.074+/-0.004,133.8+/-1.0,4.37,0.8387+/-0.0019,,(-5.00+/-0.25)e-05,0.0449+/-0.0022,16.3+/-0.8,0.0637+/-0.0032,181.4+/-1.0,4,94.79,nan+/-nan,nan+/-nan,nan+/-nan,nan+/-nan,nan+/-nan,nan+/-nan,nan+/-nan,nan+/-nan,nan+/-1.0,7.539,0.0354+/-0.0018,0.00708+/-0.00035,5,10.4+/-0.5,5.18+/-0.26,0.497+/-0.035,0.267+/-0.013,0.0257+/-0.0018,0.0156+/-0.0008,0.00149+/-0.00011,8.206,nan+/-nan,nan+/-nan,0.046+/-0.028,-0.08+/-0.25,0.07+/-0.04,0.023+/-0.014,-0.002+/-0.006,0.00010+/-0.00005
40,(5.2+/-2.6)e-06,0.006+/-0.013,(2.3+/-1.2)e-06,0.00033+/-0.00014,0.259+/-0.007,3,Mg+Sr,nan+/-nan,nan+/-nan,0.0354+/-0.0032,0.37+/-0.16,0.121+/-0.012,0.419+/-0.016,0.0157+/-0.0009,0.008+/-0.004,0.00056+/-0.00004,nan+/-nan,4.10+/-0.20,14.3+/-0.7,0.193+/-0.010,133.6+/-1.0,4.46,0.8110+/-0.0022,82.13,(-5.00+/-0.25)e-05,0.0449+/-0.0022,16.3+/-0.8,0.0637+/-0.0032,181.4+/-1.0,4,94.79,0.0372+/-0.0019,10.2+/-0.5,5.11+/-0.26,0.502+/-0.035,0.264+/-0.013,0.0259+/-0.0018,0.0532+/-0.0027,0.0052+/-0.0004,nan+/-1.0,7.539,0.0259+/-0.0013,0.00517+/-0.00026,5,10.4+/-0.5,4.64+/-0.23,0.444+/-0.031,0.240+/-0.012,0.0230+/-0.0016,0.0485+/-0.0024,0.00465+/-0.00033,8.213,nan+/-nan,nan+/-nan,0.07+/-0.04,0.9+/-0.4,0.19+/-0.05,0.029+/-0.019,0.020+/-0.009,0.00089+/-0.00022
41,(8+/-4)e-06,0.007+/-0.015,(2.5+/-1.3)e-06,0.00065+/-0.00028,0.345+/-0.007,3,Mg+Sr,nan+/-nan,nan+/-nan,0.0240+/-0.0021,0.42+/-0.11,0.086+/-0.008,0.530+/-0.010,0.0118+/-0.0006,0.0105+/-0.0026,0.00079+/-0.00005,nan+/-nan,4.11+/-0.21,14.3+/-0.7,0.315+/-0.016,117.5+/-1.0,4.32,0.8036+/-0.0022,80.73,(-5.00+/-0.25)e-05,0.0449+/-0.0022,16.3+/-0.8,0.0637+/-0.0032,181.4+/-1.0,4,94.79,0.0416+/-0.0021,9.7+/-0.5,4.89+/-0.24,0.502+/-0.035,0.249+/-0.012,0.0256+/-0.0018,0.092+/-0.005,0.0094+/-0.0007,nan+/-1.0,7.544,0.0417+/-0.0021,0.0083+/-0.0004,5,9.7+/-0.5,4.76+/-0.24,0.492+/-0.035,0.245+/-0.012,0.0253+/-0.0018,0.089+/-0.004,0.0092+/-0.0007,8.215,nan+/-nan,nan+/-nan,0.033+/-0.027,0.79+/-0.20,0.099+/-0.031,0.016+/-0.013,0.020+/-0.005,0.00092+/-0.00027
42,(6.2+/-3.1)e-06,0.007+/-0.015,(2.5+/-1.3)e-06,0.0013+/-0.0006,0.310+/-0.007,3,Mg+Sr,nan+/-nan,nan+/-nan,0.0271+/-0.0024,0.40+/-0.12,0.109+/-0.010,0.409+/-0.014,0.0133+/-0.0007,0.0100+/-0.0029,0.00209+/-0.00012,nan+/-nan,4.16+/-0.21,14.4+/-0.7,0.694+/-0.035,124.0+/-1.0,4.41,0.7805+/-0.0024,95.77,(-5.00+/-0.25)e-05,0.0449+/-0.0022,16.3+/-0.8,0.0637+/-0.0032,181.4+/-1.0,4,94.79,0.0471+/-0.0024,10.2+/-0.5,5.11+/-0.26,0.501+/-0.035,0.264+/-0.013,0.0259+/-0.0018,0.200+/-0.010,0.0195+/-0.0014,nan+/-1.0,7.53,0.0308+/-0.0015,0.00616+/-0.00031,5,10.7+/-0.5,5.25+/-0.26,0.490+/-0.035,0.271+/-0.014,0.0253+/-0.0018,0.206+/-0.010,0.0193+/-0.0014,8.205,nan+/-nan,nan+/-nan,0.05+/-0.04,0.97+/-0.29,0.16+/-0.05,0.023+/-0.021,0.025+/-0.007,0.0032+/-0.0009
43,(2.5+/-1.3)e-05,(0.8+/-1.6)e-05,(2.8+/-1.4)e-06,(7.3+/-3.2)e-06,0.306+/-0.007,4,B,0.000299+/-0.000016,0.0119+/-0.0009,0.049+/-0.015,2.86+/-0.30,-0.10+/-0.10,0.450+/-0.013,(2.7+/-0.8)e-05,0.079+/-0.006,(-1.1+/-1.0)e-05,0.091+/-0.005,0.0394+/-0.0020,35.6+/-1.8,0.0409+/-0.0020,124.8+/-1.0,4.19,0.7955+/-0.0023,79.88,(-5.00+/-0.25)e-05,0.0449+/-0.0022,16.3+/-0.8,0.0637+/-0.0032,181.4+/-1.0,4,94.79,0.120+/-0.006,10.5+/-0.5,-0.00594+/-0.00030,-0.00057+/-0.00004,0.285+/-0.014,0.0271+/-0.0019,0.00101+/-0.00005,(9.6+/-0.7)e-05,nan+/-1.0,7.476,0.125+/-0.006,0.0251+/-0.0013,5,10.6+/-0.5,0.00577+/-0.00029,0.00055+/-0.00004,0.293+/-0.015,0.0277+/-0.0020,0.00110+/-0.00006,0.000105+/-0.000007,8.196,0.00063+/-0.00005,0.0253+/-0.0023,0.09+/-0.05,6.4+/-0.7,-0.32+/-0.22,(5.0+/-2.7)e-05,0.176+/-0.016,(-3.3+/-2.3)e-05
44,(4.4+/-2.2)e-05,(0.6+/-1.4)e-05,(2.9+/-1.4)e-06,(6.9+/-3.0)e-06,0.315+/-0.007,4,B,0.000596+/-0.000032,0.0136+/-0.0010,-0.001+/-0.015,2.97+/-0.31,-0.11+/-0.10,0.470+/-0.013,(-0+/-7)e-06,0.085+/-0.006,(-1.1+/-1.0)e-05,0.188+/-0.009,0.0306+/-0.0015,38.1+/-1.9,0.0401+/-0.0020,123.0+/-1.0,4.32,0.7972+/-0.0023,79.74,(-5.00+/-0.25)e-05,0.0449+/-0.0022,16.3+/-0.8,0.0637+/-0.0032,181.4+/-1.0,4,94.79,0.222+/-0.011,10.0+/-0.5,-0.00594+/-0.00030,-0.00059+/-0.00004,0.284+/-0.014,0.0283+/-0.0020,0.00086+/-0.00004,(8.5+/-0.6)e-05,nan+/-1.0,7.478,0.219+/-0.011,0.0438+/-0.0022,5,9.7+/-0.5,0.00448+/-0.00022,0.000462+/-0.000033,0.279+/-0.014,0.0287+/-0.0020,0.00096+/-0.00005,(9.9+/-0.7)e-05,8.196,0.00122+/-0.00009,0.0278+/-0.0025,-0.02+/-0.05,6.3+/-0.7,-0.32+/-0.21,(-0.8+/-2.2)e-05,0.181+/-0.015,(-3.1+/-2.1)e-05
45,(6.2+/-3.1)e-05,0.00005+/-0.00010,(2.7+/-1.4)e-06,(7.6+/-3.3)e-06,0.317+/-0.007,4,B,0.000609+/-0.000033,0.0099+/-0.0007,-0.0013+/-0.0020,0.99+/-0.15,-0.06+/-0.09,0.460+/-0.013,(-4+/-7)e-06,0.027+/-0.004,(-0.7+/-1.0)e-05,0.193+/-0.010,0.0293+/-0.0015,19.7+/-1.0,0.0414+/-0.0021,122.8+/-1.0,4.5,0.7934+/-0.0023,79.6,(-5.00+/-0.25)e-05,0.0449+/-0.0022,16.3+/-0.8,0.0637+/-0.0032,181.4+/-1.0,4,94.79,0.280+/-0.014,9.6+/-0.5,-0.00594+/-0.00030,-0.00062+/-0.00004,0.262+/-0.013,0.0274+/-0.0019,0.00085+/-0.00004,(8.9+/-0.6)e-05,nan+/-1.0,7.48,0.308+/-0.015,0.0617+/-0.0031,5,9.9+/-0.5,0.0337+/-0.0017,0.00341+/-0.00024,0.271+/-0.014,0.0275+/-0.0019,0.00107+/-0.00005,0.000108+/-0.000008,8.201,0.00125+/-0.00010,0.0203+/-0.0019,-0.019+/-0.035,2.14+/-0.33,-0.22+/-0.20,-0.00007+/-0.00012,0.059+/-0.008,(-2.3+/-2.1)e-05
46,(8+/-4)e-05,(0.7+/-1.5)e-05,(2.8+/-1.4)e-06,(5.9+/-2.5)e-06,0.308+/-0.007,4,B,0.00104+/-0.00006,0.0131+/-0.0010,-0.010+/-0.014,3.05+/-0.32,-0.11+/-0.12,0.435+/-0.014,(-5+/-7)e-06,0.086+/-0.007,(-0.9+/-1.0)e-05,0.320+/-0.016,0.0296+/-0.0015,37.9+/-1.9,0.0413+/-0.0021,124.5+/-1.0,4.51,0.7901+/-0.0023,77.32,(-5.00+/-0.25)e-05,0.0449+/-0.0022,16.3+/-0.8,0.0637+/-0.0032,181.4+/-1.0,4,94.79,0.353+/-0.018,9.7+/-0.5,-0.00594+/-0.00030,-0.00061+/-0.00004,0.262+/-0.013,0.0269+/-0.0019,0.00073+/-0.00004,(7.6+/-0.5)e-05,nan+/-1.0,7.501,0.396+/-0.020,0.079+/-0.004,5,9.0+/-0.5,0.00448+/-0.00022,0.000496+/-0.000035,0.256+/-0.013,0.0283+/-0.0020,0.00076+/-0.00004,(8.4+/-0.6)e-05,8.194,0.00229+/-0.00018,0.0289+/-0.0027,-0.04+/-0.05,7.0+/-0.8,-0.34+/-0.28,(-2.0+/-2.5)e-05,0.199+/-0.018,(-2.8+/-2.3)e-05
47,0.00010+/-0.00005,(0.7+/-1.4)e-05,(2.8+/-1.4)e-06,(6.0+/-2.6)e-06,0.321+/-0.007,4,B,0.00125+/-0.00007,0.0122+/-0.0009,-0.022+/-0.014,2.81+/-0.29,-0.09+/-0.11,0.565+/-0.010,(-1.0+/-0.6)e-05,0.079+/-0.006,(-8+/-9)e-06,0.403+/-0.020,0.0271+/-0.0014,36.5+/-1.8,0.0408+/-0.0020,121.9+/-1.0,4.7,0.8250+/-0.0020,82.22,(-5.00+/-0.25)e-05,0.0449+/-0.0022,16.3+/-0.8,0.0637+/-0.0032,181.4+/-1.0,4,94.79,0.516+/-0.026,9.9+/-0.5,-0.00594+/-0.00030,-0.00060+/-0.00004,0.276+/-0.014,0.0278+/-0.0020,0.00086+/-0.00004,(8.6+/-0.6)e-05,nan+/-1.0,7.491,0.515+/-0.026,0.103+/-0.005,5,9.5+/-0.5,0.00448+/-0.00022,0.000473+/-0.000033,0.266+/-0.013,0.0281+/-0.0020,0.00081+/-0.00004,(8.6+/-0.6)e-05,8.205,0.00214+/-0.00014,0.0207+/-0.0017,-0.050+/-0.034,5.0+/-0.5,-0.21+/-0.20,(-2.4+/-1.6)e-05,0.140+/-0.011,(-1.8+/-1.7)e-05
